"Student_ID","Age","Gender"
"S00001",24,"Male"
"S00002",21,"Other"
"S00003",28,"Female"
"S00004",25,"Male"
"S00005",22,"Male"
"S00006",24,"Male"
"S00007",27,"Male"
"S00008",20,"Male"
"S00009",24,"Male"
"S00010",28,"Male"
"S00011",28,"Female"
"S00012",25,"Female"
"S00013",22,"Female"
"S00014",21,"Male"
"S00015",25,"Male"
"S00016",25,"Female"
"S00017",20,"Female"
"S00018",23,"Male"
"S00019",22,"Female"
"S00020",19,"Female"
"S00021",25,"Female"
"S00022",29,"Male"
"S00023",23,"Female"
"S00024",19,"Female"
"S00025",29,"Female"
"S00026",22,"Female"
"S00027",18,"Female"
"S00028",29,"Female"
"S00029",27,"Male"
"S00030",23,"Female"
"S00031",29,"Female"
"S00032",26,"Female"
"S00033",18,"Male"
"S00034",28,"Male"
"S00035",28,"Female"
"S00036",27,"Female"
"S00037",29,"Female"
"S00038",29,"Female"
"S00039",20,"Female"
"S00040",29,"Female"
"S00041",24,"Female"
"S00042",21,"Female"
"S00043",26,"Female"
"S00044",20,"Male"
"S00045",22,"Male"
"S00046",20,"Female"
"S00047",24,"Male"
"S00048",22,"Male"
"S00049",26,"Male"
"S00050",24,"Male"
"S00051",19,"Male"
"S00052",21,"Male"
"S00053",26,"Female"
"S00054",29,"Female"
"S00055",19,"Male"
"S00056",27,"Male"
"S00057",26,"Female"
"S00058",27,"Male"
"S00059",22,"Female"
"S00060",19,"Female"
"S00061",21,"Female"
"S00062",29,"Male"
"S00063",29,"Female"
"S00064",24,"Male"
"S00065",29,"Female"
"S00066",25,"Female"
"S00067",20,"Male"
"S00068",18,"Male"
"S00069",21,"Male"
"S00070",19,"Female"
"S00071",25,"Male"
"S00072",21,"Female"
"S00073",19,"Male"
"S00074",23,"Female"
"S00075",23,"Female"
"S00076",27,"Female"
"S00077",21,"Female"
"S00078",23,"Male"
"S00079",19,"Male"
"S00080",27,"Female"
"S00081",29,"Male"
"S00082",19,"Male"
"S00083",27,"Male"
"S00084",21,"Male"
"S00085",25,"Male"
"S00086",24,"Female"
"S00087",29,"Male"
"S00088",26,"Female"
"S00089",25,"Male"
"S00090",22,"Female"
"S00091",19,"Male"
"S00092",22,"Female"
"S00093",25,"Female"
"S00094",27,"Male"
"S00095",26,"Female"
"S00096",29,"Other"
"S00097",29,"Female"
"S00098",29,"Female"
"S00099",26,"Male"
"S00100",18,"Female"
"S00101",26,"Male"
"S00102",24,"Male"
"S00103",26,"Other"
"S00104",25,"Male"
"S00105",18,"Female"
"S00106",29,"Female"
"S00107",25,"Female"
"S00108",25,"Other"
"S00109",28,"Male"
"S00110",20,"Male"
"S00111",18,"Male"
"S00112",25,"Male"
"S00113",20,"Male"
"S00114",20,"Male"
"S00115",18,"Female"
"S00116",28,"Female"
"S00117",22,"Male"
"S00118",27,"Female"
"S00119",24,"Male"
"S00120",27,"Male"
"S00121",26,"Female"
"S00122",29,"Female"
"S00123",24,"Female"
"S00124",26,"Male"
"S00125",25,"Female"
"S00126",29,"Female"
"S00127",19,"Female"
"S00128",18,"Female"
"S00129",24,"Female"
"S00130",24,"Female"
"S00131",25,"Female"
"S00132",22,"Other"
"S00133",20,"Female"
"S00134",29,"Male"
"S00135",25,"Female"
"S00136",23,"Male"
"S00137",28,"Male"
"S00138",20,"Female"
"S00139",18,"Female"
"S00140",20,"Female"
"S00141",22,"Male"
"S00142",20,"Female"
"S00143",18,"Male"
"S00144",22,"Other"
"S00145",27,"Other"
"S00146",24,"Female"
"S00147",24,"Female"
"S00148",28,"Female"
"S00149",26,"Female"
"S00150",27,"Male"
"S00151",27,"Male"
"S00152",29,"Female"
"S00153",20,"Female"
"S00154",24,"Male"
"S00155",18,"Female"
"S00156",21,"Male"
"S00157",21,"Female"
"S00158",22,"Female"
"S00159",24,"Female"
"S00160",24,"Female"
"S00161",28,"Male"
"S00162",21,"Male"
"S00163",24,"Female"
"S00164",28,"Female"
"S00165",20,"Male"
"S00166",23,"Female"
"S00167",29,"Male"
"S00168",19,"Female"
"S00169",27,"Female"
"S00170",26,"Male"
"S00171",22,"Male"
"S00172",23,"Female"
"S00173",29,"Female"
"S00174",29,"Female"
"S00175",29,"Female"
"S00176",29,"Female"
"S00177",21,"Other"
"S00178",28,"Female"
"S00179",27,"Female"
"S00180",24,"Male"
"S00181",29,"Male"
"S00182",26,"Female"
"S00183",24,"Male"
"S00184",18,"Female"
"S00185",18,"Female"
"S00186",26,"Female"
"S00187",28,"Male"
"S00188",26,"Male"
"S00189",21,"Male"
"S00190",26,"Male"
"S00191",20,"Male"
"S00192",24,"Female"
"S00193",23,"Female"
"S00194",25,"Female"
"S00195",28,"Female"
"S00196",26,"Male"
"S00197",22,"Female"
"S00198",18,"Female"
"S00199",20,"Male"
"S00200",27,"Female"
"S00201",29,"Male"
"S00202",25,"Female"
"S00203",28,"Other"
"S00204",23,"Male"
"S00205",25,"Female"
"S00206",26,"Female"
"S00207",21,"Other"
"S00208",18,"Male"
"S00209",18,"Female"
"S00210",27,"Male"
"S00211",21,"Male"
"S00212",29,"Male"
"S00213",24,"Other"
"S00214",19,"Female"
"S00215",20,"Female"
"S00216",18,"Female"
"S00217",22,"Male"
"S00218",18,"Male"
"S00219",25,"Male"
"S00220",18,"Male"
"S00221",28,"Male"
"S00222",18,"Male"
"S00223",19,"Male"
"S00224",19,"Male"
"S00225",29,"Male"
"S00226",23,"Male"
"S00227",24,"Other"
"S00228",22,"Female"
"S00229",18,"Other"
"S00230",18,"Male"
"S00231",20,"Male"
"S00232",19,"Female"
"S00233",22,"Male"
"S00234",29,"Male"
"S00235",27,"Male"
"S00236",23,"Male"
"S00237",24,"Male"
"S00238",21,"Male"
"S00239",24,"Female"
"S00240",28,"Male"
"S00241",25,"Male"
"S00242",28,"Female"
"S00243",18,"Male"
"S00244",23,"Male"
"S00245",25,"Female"
"S00246",22,"Male"
"S00247",21,"Male"
"S00248",19,"Female"
"S00249",23,"Male"
"S00250",23,"Female"
"S00251",28,"Female"
"S00252",18,"Male"
"S00253",26,"Female"
"S00254",29,"Female"
"S00255",28,"Male"
"S00256",23,"Female"
"S00257",20,"Male"
"S00258",21,"Female"
"S00259",29,"Male"
"S00260",28,"Male"
"S00261",21,"Male"
"S00262",20,"Female"
"S00263",27,"Male"
"S00264",20,"Male"
"S00265",20,"Male"
"S00266",21,"Female"
"S00267",24,"Female"
"S00268",21,"Female"
"S00269",26,"Female"
"S00270",18,"Female"
"S00271",25,"Male"
"S00272",24,"Female"
"S00273",19,"Female"
"S00274",25,"Other"
"S00275",18,"Female"
"S00276",28,"Male"
"S00277",29,"Male"
"S00278",26,"Female"
"S00279",26,"Female"
"S00280",19,"Female"
"S00281",24,"Female"
"S00282",27,"Female"
"S00283",20,"Male"
"S00284",24,"Female"
"S00285",29,"Male"
"S00286",27,"Male"
"S00287",26,"Male"
"S00288",21,"Female"
"S00289",29,"Male"
"S00290",18,"Male"
"S00291",19,"Female"
"S00292",18,"Male"
"S00293",29,"Female"
"S00294",22,"Female"
"S00295",22,"Female"
"S00296",28,"Female"
"S00297",24,"Male"
"S00298",26,"Female"
"S00299",26,"Male"
"S00300",20,"Female"
"S00301",20,"Male"
"S00302",20,"Female"
"S00303",21,"Male"
"S00304",25,"Male"
"S00305",23,"Male"
"S00306",25,"Male"
"S00307",18,"Female"
"S00308",25,"Male"
"S00309",21,"Female"
"S00310",28,"Other"
"S00311",18,"Female"
"S00312",25,"Male"
"S00313",21,"Male"
"S00314",23,"Female"
"S00315",25,"Male"
"S00316",21,"Male"
"S00317",20,"Female"
"S00318",26,"Female"
"S00319",20,"Female"
"S00320",26,"Male"
"S00321",19,"Female"
"S00322",19,"Male"
"S00323",19,"Male"
"S00324",23,"Female"
"S00325",20,"Male"
"S00326",26,"Male"
"S00327",21,"Male"
"S00328",18,"Female"
"S00329",21,"Female"
"S00330",18,"Female"
"S00331",22,"Female"
"S00332",21,"Male"
"S00333",25,"Male"
"S00334",25,"Male"
"S00335",24,"Male"
"S00336",20,"Female"
"S00337",18,"Female"
"S00338",18,"Male"
"S00339",29,"Male"
"S00340",28,"Male"
"S00341",20,"Male"
"S00342",23,"Female"
"S00343",24,"Male"
"S00344",23,"Male"
"S00345",23,"Female"
"S00346",23,"Male"
"S00347",20,"Female"
"S00348",23,"Male"
"S00349",25,"Female"
"S00350",28,"Other"
"S00351",28,"Female"
"S00352",19,"Male"
"S00353",22,"Female"
"S00354",18,"Male"
"S00355",29,"Male"
"S00356",18,"Male"
"S00357",22,"Male"
"S00358",29,"Female"
"S00359",20,"Female"
"S00360",21,"Female"
"S00361",20,"Female"
"S00362",18,"Female"
"S00363",18,"Male"
"S00364",29,"Male"
"S00365",29,"Female"
"S00366",22,"Male"
"S00367",23,"Female"
"S00368",20,"Male"
"S00369",29,"Male"
"S00370",26,"Male"
"S00371",22,"Male"
"S00372",25,"Male"
"S00373",18,"Female"
"S00374",22,"Male"
"S00375",20,"Female"
"S00376",29,"Male"
"S00377",18,"Male"
"S00378",21,"Male"
"S00379",22,"Female"
"S00380",24,"Male"
"S00381",18,"Female"
"S00382",20,"Male"
"S00383",19,"Female"
"S00384",26,"Male"
"S00385",27,"Female"
"S00386",23,"Female"
"S00387",27,"Female"
"S00388",20,"Male"
"S00389",25,"Male"
"S00390",25,"Male"
"S00391",19,"Female"
"S00392",23,"Female"
"S00393",24,"Female"
"S00394",19,"Male"
"S00395",28,"Male"
"S00396",27,"Male"
"S00397",19,"Other"
"S00398",27,"Female"
"S00399",18,"Female"
"S00400",25,"Male"
"S00401",18,"Female"
"S00402",26,"Female"
"S00403",28,"Male"
"S00404",23,"Female"
"S00405",24,"Female"
"S00406",27,"Female"
"S00407",24,"Female"
"S00408",27,"Male"
"S00409",20,"Male"
"S00410",19,"Other"
"S00411",26,"Male"
"S00412",25,"Female"
"S00413",29,"Female"
"S00414",27,"Female"
"S00415",24,"Other"
"S00416",26,"Male"
"S00417",21,"Male"
"S00418",21,"Male"
"S00419",18,"Male"
"S00420",25,"Male"
"S00421",29,"Male"
"S00422",20,"Female"
"S00423",24,"Female"
"S00424",29,"Male"
"S00425",19,"Male"
"S00426",19,"Female"
"S00427",24,"Male"
"S00428",23,"Male"
"S00429",20,"Male"
"S00430",26,"Female"
"S00431",27,"Male"
"S00432",23,"Other"
"S00433",27,"Male"
"S00434",27,"Female"
"S00435",23,"Male"
"S00436",18,"Male"
"S00437",21,"Female"
"S00438",27,"Female"
"S00439",23,"Female"
"S00440",23,"Female"
"S00441",28,"Female"
"S00442",29,"Female"
"S00443",22,"Female"
"S00444",18,"Male"
"S00445",25,"Male"
"S00446",22,"Male"
"S00447",29,"Female"
"S00448",29,"Male"
"S00449",29,"Male"
"S00450",22,"Female"
"S00451",24,"Female"
"S00452",21,"Female"
"S00453",23,"Male"
"S00454",21,"Female"
"S00455",20,"Male"
"S00456",24,"Male"
"S00457",25,"Male"
"S00458",21,"Male"
"S00459",19,"Male"
"S00460",29,"Female"
"S00461",27,"Male"
"S00462",20,"Female"
"S00463",18,"Female"
"S00464",25,"Male"
"S00465",20,"Female"
"S00466",29,"Male"
"S00467",27,"Female"
"S00468",24,"Male"
"S00469",27,"Male"
"S00470",22,"Male"
"S00471",27,"Female"
"S00472",22,"Female"
"S00473",24,"Male"
"S00474",26,"Female"
"S00475",29,"Female"
"S00476",22,"Female"
"S00477",18,"Female"
"S00478",27,"Female"
"S00479",27,"Female"
"S00480",18,"Female"
"S00481",19,"Male"
"S00482",23,"Male"
"S00483",26,"Male"
"S00484",25,"Female"
"S00485",22,"Female"
"S00486",18,"Male"
"S00487",24,"Female"
"S00488",22,"Male"
"S00489",23,"Male"
"S00490",24,"Other"
"S00491",20,"Male"
"S00492",29,"Male"
"S00493",27,"Female"
"S00494",20,"Female"
"S00495",22,"Male"
"S00496",23,"Female"
"S00497",26,"Female"
"S00498",29,"Male"
"S00499",22,"Male"
"S00500",18,"Female"
"S00501",21,"Male"
"S00502",22,"Female"
"S00503",29,"Female"
"S00504",27,"Other"
"S00505",27,"Male"
"S00506",22,"Other"
"S00507",24,"Male"
"S00508",21,"Male"
"S00509",18,"Male"
"S00510",22,"Male"
"S00511",24,"Female"
"S00512",27,"Male"
"S00513",27,"Male"
"S00514",23,"Female"
"S00515",22,"Male"
"S00516",21,"Female"
"S00517",19,"Male"
"S00518",21,"Female"
"S00519",27,"Female"
"S00520",27,"Male"
"S00521",20,"Male"
"S00522",27,"Male"
"S00523",18,"Female"
"S00524",25,"Male"
"S00525",22,"Male"
"S00526",21,"Male"
"S00527",25,"Male"
"S00528",24,"Female"
"S00529",19,"Female"
"S00530",18,"Male"
"S00531",29,"Male"
"S00532",28,"Female"
"S00533",21,"Female"
"S00534",25,"Male"
"S00535",29,"Male"
"S00536",19,"Male"
"S00537",20,"Female"
"S00538",29,"Male"
"S00539",18,"Female"
"S00540",18,"Female"
"S00541",20,"Female"
"S00542",28,"Male"
"S00543",22,"Male"
"S00544",29,"Male"
"S00545",20,"Male"
"S00546",18,"Female"
"S00547",18,"Other"
"S00548",25,"Female"
"S00549",27,"Female"
"S00550",28,"Male"
"S00551",29,"Male"
"S00552",29,"Male"
"S00553",19,"Female"
"S00554",20,"Female"
"S00555",19,"Female"
"S00556",20,"Male"
"S00557",24,"Male"
"S00558",18,"Female"
"S00559",27,"Male"
"S00560",25,"Female"
"S00561",27,"Female"
"S00562",27,"Female"
"S00563",27,"Male"
"S00564",19,"Male"
"S00565",20,"Male"
"S00566",26,"Male"
"S00567",24,"Male"
"S00568",21,"Female"
"S00569",27,"Female"
"S00570",22,"Male"
"S00571",19,"Male"
"S00572",28,"Male"
"S00573",25,"Male"
"S00574",21,"Female"
"S00575",26,"Male"
"S00576",22,"Male"
"S00577",26,"Male"
"S00578",21,"Female"
"S00579",27,"Female"
"S00580",22,"Male"
"S00581",26,"Female"
"S00582",25,"Female"
"S00583",20,"Female"
"S00584",18,"Male"
"S00585",20,"Female"
"S00586",21,"Female"
"S00587",19,"Female"
"S00588",18,"Female"
"S00589",24,"Female"
"S00590",25,"Male"
"S00591",24,"Female"
"S00592",22,"Female"
"S00593",29,"Female"
"S00594",18,"Male"
"S00595",24,"Female"
"S00596",24,"Female"
"S00597",26,"Male"
"S00598",20,"Female"
"S00599",26,"Female"
"S00600",18,"Female"
"S00601",18,"Male"
"S00602",21,"Male"
"S00603",26,"Female"
"S00604",23,"Male"
"S00605",28,"Female"
"S00606",20,"Female"
"S00607",18,"Female"
"S00608",21,"Male"
"S00609",29,"Female"
"S00610",26,"Male"
"S00611",20,"Male"
"S00612",29,"Male"
"S00613",26,"Male"
"S00614",24,"Other"
"S00615",29,"Other"
"S00616",21,"Male"
"S00617",20,"Female"
"S00618",27,"Male"
"S00619",22,"Female"
"S00620",22,"Female"
"S00621",20,"Female"
"S00622",29,"Male"
"S00623",26,"Female"
"S00624",21,"Male"
"S00625",28,"Other"
"S00626",22,"Male"
"S00627",21,"Female"
"S00628",22,"Female"
"S00629",24,"Female"
"S00630",26,"Male"
"S00631",24,"Female"
"S00632",22,"Male"
"S00633",27,"Female"
"S00634",27,"Male"
"S00635",24,"Male"
"S00636",27,"Female"
"S00637",22,"Male"
"S00638",20,"Male"
"S00639",24,"Male"
"S00640",28,"Male"
"S00641",28,"Female"
"S00642",19,"Female"
"S00643",29,"Male"
"S00644",26,"Male"
"S00645",27,"Male"
"S00646",27,"Male"
"S00647",29,"Female"
"S00648",18,"Female"
"S00649",23,"Male"
"S00650",24,"Male"
"S00651",25,"Male"
"S00652",27,"Female"
"S00653",26,"Other"
"S00654",19,"Male"
"S00655",28,"Male"
"S00656",27,"Female"
"S00657",19,"Female"
"S00658",22,"Male"
"S00659",22,"Male"
"S00660",23,"Male"
"S00661",20,"Female"
"S00662",25,"Male"
"S00663",18,"Male"
"S00664",23,"Female"
"S00665",21,"Male"
"S00666",18,"Female"
"S00667",24,"Male"
"S00668",26,"Male"
"S00669",21,"Female"
"S00670",21,"Male"
"S00671",23,"Other"
"S00672",29,"Female"
"S00673",20,"Male"
"S00674",29,"Female"
"S00675",23,"Male"
"S00676",24,"Female"
"S00677",28,"Male"
"S00678",27,"Female"
"S00679",27,"Male"
"S00680",20,"Male"
"S00681",24,"Female"
"S00682",20,"Female"
"S00683",19,"Male"
"S00684",29,"Male"
"S00685",27,"Female"
"S00686",21,"Female"
"S00687",29,"Male"
"S00688",25,"Male"
"S00689",26,"Male"
"S00690",24,"Female"
"S00691",18,"Male"
"S00692",20,"Male"
"S00693",29,"Female"
"S00694",26,"Male"
"S00695",29,"Female"
"S00696",18,"Male"
"S00697",26,"Male"
"S00698",25,"Male"
"S00699",18,"Female"
"S00700",23,"Male"
"S00701",22,"Female"
"S00702",23,"Female"
"S00703",27,"Female"
"S00704",29,"Male"
"S00705",22,"Male"
"S00706",23,"Male"
"S00707",22,"Male"
"S00708",28,"Male"
"S00709",29,"Female"
"S00710",22,"Male"
"S00711",21,"Male"
"S00712",20,"Male"
"S00713",20,"Female"
"S00714",21,"Male"
"S00715",26,"Female"
"S00716",19,"Male"
"S00717",26,"Female"
"S00718",18,"Female"
"S00719",18,"Male"
"S00720",22,"Male"
"S00721",23,"Male"
"S00722",23,"Male"
"S00723",20,"Female"
"S00724",24,"Female"
"S00725",26,"Female"
"S00726",28,"Female"
"S00727",29,"Male"
"S00728",27,"Male"
"S00729",25,"Female"
"S00730",23,"Male"
"S00731",29,"Female"
"S00732",25,"Male"
"S00733",29,"Male"
"S00734",22,"Other"
"S00735",25,"Male"
"S00736",27,"Other"
"S00737",29,"Other"
"S00738",21,"Female"
"S00739",27,"Female"
"S00740",25,"Female"
"S00741",27,"Female"
"S00742",29,"Male"
"S00743",19,"Male"
"S00744",29,"Female"
"S00745",29,"Male"
"S00746",22,"Male"
"S00747",26,"Male"
"S00748",21,"Female"
"S00749",28,"Female"
"S00750",23,"Male"
"S00751",18,"Female"
"S00752",26,"Female"
"S00753",18,"Female"
"S00754",22,"Female"
"S00755",21,"Female"
"S00756",29,"Male"
"S00757",20,"Female"
"S00758",23,"Male"
"S00759",19,"Female"
"S00760",20,"Other"
"S00761",22,"Male"
"S00762",26,"Male"
"S00763",19,"Female"
"S00764",27,"Male"
"S00765",25,"Female"
"S00766",19,"Male"
"S00767",28,"Male"
"S00768",22,"Other"
"S00769",24,"Female"
"S00770",25,"Female"
"S00771",18,"Male"
"S00772",23,"Female"
"S00773",18,"Female"
"S00774",19,"Female"
"S00775",18,"Female"
"S00776",28,"Female"
"S00777",22,"Male"
"S00778",27,"Male"
"S00779",26,"Female"
"S00780",23,"Male"
"S00781",28,"Female"
"S00782",28,"Male"
"S00783",18,"Female"
"S00784",18,"Female"
"S00785",19,"Male"
"S00786",26,"Male"
"S00787",20,"Male"
"S00788",18,"Female"
"S00789",22,"Female"
"S00790",24,"Male"
"S00791",23,"Female"
"S00792",29,"Male"
"S00793",18,"Male"
"S00794",22,"Female"
"S00795",22,"Male"
"S00796",23,"Male"
"S00797",20,"Male"
"S00798",22,"Male"
"S00799",24,"Male"
"S00800",22,"Male"
"S00801",22,"Female"
"S00802",22,"Male"
"S00803",27,"Female"
"S00804",27,"Male"
"S00805",20,"Male"
"S00806",18,"Female"
"S00807",22,"Other"
"S00808",26,"Male"
"S00809",18,"Female"
"S00810",20,"Female"
"S00811",21,"Female"
"S00812",18,"Female"
"S00813",18,"Male"
"S00814",25,"Male"
"S00815",19,"Female"
"S00816",29,"Male"
"S00817",25,"Female"
"S00818",24,"Male"
"S00819",27,"Male"
"S00820",27,"Female"
"S00821",19,"Male"
"S00822",23,"Female"
"S00823",23,"Female"
"S00824",20,"Female"
"S00825",28,"Female"
"S00826",19,"Female"
"S00827",29,"Female"
"S00828",18,"Female"
"S00829",23,"Male"
"S00830",29,"Male"
"S00831",22,"Male"
"S00832",28,"Male"
"S00833",26,"Female"
"S00834",18,"Female"
"S00835",24,"Female"
"S00836",22,"Male"
"S00837",22,"Female"
"S00838",19,"Male"
"S00839",28,"Female"
"S00840",20,"Female"
"S00841",24,"Male"
"S00842",23,"Male"
"S00843",29,"Male"
"S00844",19,"Female"
"S00845",23,"Female"
"S00846",19,"Female"
"S00847",19,"Male"
"S00848",19,"Male"
"S00849",28,"Female"
"S00850",20,"Female"
"S00851",19,"Male"
"S00852",21,"Male"
"S00853",26,"Female"
"S00854",23,"Male"
"S00855",18,"Male"
"S00856",25,"Male"
"S00857",29,"Female"
"S00858",24,"Female"
"S00859",27,"Female"
"S00860",20,"Female"
"S00861",18,"Female"
"S00862",22,"Male"
"S00863",21,"Female"
"S00864",27,"Male"
"S00865",25,"Female"
"S00866",18,"Male"
"S00867",27,"Male"
"S00868",18,"Male"
"S00869",29,"Male"
"S00870",21,"Male"
"S00871",25,"Male"
"S00872",22,"Other"
"S00873",19,"Male"
"S00874",23,"Female"
"S00875",22,"Female"
"S00876",19,"Other"
"S00877",28,"Female"
"S00878",28,"Female"
"S00879",28,"Male"
"S00880",20,"Male"
"S00881",26,"Male"
"S00882",24,"Female"
"S00883",24,"Female"
"S00884",28,"Male"
"S00885",23,"Male"
"S00886",25,"Female"
"S00887",21,"Male"
"S00888",25,"Female"
"S00889",21,"Female"
"S00890",25,"Female"
"S00891",26,"Female"
"S00892",20,"Female"
"S00893",20,"Female"
"S00894",28,"Female"
"S00895",19,"Female"
"S00896",27,"Male"
"S00897",20,"Male"
"S00898",20,"Male"
"S00899",22,"Male"
"S00900",22,"Female"
"S00901",19,"Female"
"S00902",29,"Male"
"S00903",27,"Male"
"S00904",23,"Other"
"S00905",22,"Male"
"S00906",23,"Male"
"S00907",18,"Female"
"S00908",22,"Female"
"S00909",26,"Male"
"S00910",29,"Male"
"S00911",27,"Male"
"S00912",19,"Female"
"S00913",18,"Female"
"S00914",27,"Male"
"S00915",28,"Female"
"S00916",26,"Female"
"S00917",27,"Male"
"S00918",26,"Female"
"S00919",26,"Female"
"S00920",23,"Male"
"S00921",25,"Male"
"S00922",28,"Female"
"S00923",18,"Female"
"S00924",27,"Female"
"S00925",21,"Female"
"S00926",18,"Female"
"S00927",25,"Male"
"S00928",18,"Female"
"S00929",20,"Male"
"S00930",21,"Male"
"S00931",25,"Female"
"S00932",23,"Female"
"S00933",27,"Male"
"S00934",29,"Female"
"S00935",24,"Male"
"S00936",25,"Male"
"S00937",19,"Male"
"S00938",27,"Female"
"S00939",28,"Female"
"S00940",25,"Male"
"S00941",20,"Female"
"S00942",24,"Male"
"S00943",20,"Female"
"S00944",24,"Male"
"S00945",28,"Male"
"S00946",29,"Female"
"S00947",19,"Male"
"S00948",27,"Male"
"S00949",23,"Female"
"S00950",20,"Other"
"S00951",20,"Male"
"S00952",26,"Male"
"S00953",24,"Male"
"S00954",22,"Female"
"S00955",29,"Male"
"S00956",27,"Female"
"S00957",24,"Other"
"S00958",26,"Male"
"S00959",18,"Male"
"S00960",24,"Male"
"S00961",23,"Male"
"S00962",27,"Female"
"S00963",29,"Male"
"S00964",26,"Male"
"S00965",18,"Female"
"S00966",21,"Male"
"S00967",26,"Female"
"S00968",21,"Male"
"S00969",27,"Female"
"S00970",20,"Female"
"S00971",26,"Female"
"S00972",19,"Female"
"S00973",21,"Male"
"S00974",23,"Male"
"S00975",19,"Female"
"S00976",25,"Female"
"S00977",25,"Male"
"S00978",18,"Male"
"S00979",29,"Male"
"S00980",20,"Male"
"S00981",27,"Male"
"S00982",26,"Female"
"S00983",22,"Male"
"S00984",23,"Male"
"S00985",21,"Female"
"S00986",27,"Female"
"S00987",19,"Female"
"S00988",28,"Female"
"S00989",25,"Male"
"S00990",28,"Female"
"S00991",23,"Female"
"S00992",22,"Male"
"S00993",26,"Female"
"S00994",18,"Female"
"S00995",22,"Male"
"S00996",23,"Male"
"S00997",22,"Male"
"S00998",23,"Male"
"S00999",23,"Male"
"S01000",24,"Female"
"S01001",21,"Male"
"S01002",28,"Female"
"S01003",25,"Female"
"S01004",24,"Female"
"S01005",26,"Female"
"S01006",24,"Male"
"S01007",20,"Male"
"S01008",20,"Female"
"S01009",25,"Female"
"S01010",22,"Female"
"S01011",21,"Male"
"S01012",25,"Female"
"S01013",23,"Male"
"S01014",19,"Female"
"S01015",21,"Other"
"S01016",29,"Male"
"S01017",28,"Female"
"S01018",21,"Male"
"S01019",23,"Male"
"S01020",23,"Female"
"S01021",18,"Female"
"S01022",25,"Female"
"S01023",23,"Female"
"S01024",20,"Female"
"S01025",26,"Female"
"S01026",19,"Female"
"S01027",28,"Male"
"S01028",25,"Other"
"S01029",27,"Male"
"S01030",20,"Female"
"S01031",29,"Male"
"S01032",22,"Male"
"S01033",23,"Male"
"S01034",27,"Female"
"S01035",23,"Male"
"S01036",21,"Male"
"S01037",20,"Female"
"S01038",21,"Female"
"S01039",18,"Male"
"S01040",21,"Male"
"S01041",18,"Male"
"S01042",29,"Male"
"S01043",18,"Female"
"S01044",27,"Female"
"S01045",23,"Female"
"S01046",22,"Male"
"S01047",28,"Female"
"S01048",21,"Female"
"S01049",28,"Female"
"S01050",20,"Female"
"S01051",18,"Female"
"S01052",23,"Female"
"S01053",19,"Male"
"S01054",25,"Female"
"S01055",27,"Female"
"S01056",22,"Female"
"S01057",24,"Male"
"S01058",27,"Female"
"S01059",29,"Female"
"S01060",19,"Male"
"S01061",25,"Male"
"S01062",19,"Female"
"S01063",21,"Female"
"S01064",18,"Female"
"S01065",22,"Male"
"S01066",26,"Female"
"S01067",18,"Male"
"S01068",26,"Male"
"S01069",28,"Male"
"S01070",25,"Male"
"S01071",23,"Male"
"S01072",24,"Male"
"S01073",20,"Male"
"S01074",18,"Male"
"S01075",22,"Female"
"S01076",29,"Female"
"S01077",29,"Male"
"S01078",19,"Female"
"S01079",22,"Male"
"S01080",25,"Female"
"S01081",28,"Male"
"S01082",26,"Male"
"S01083",19,"Female"
"S01084",29,"Female"
"S01085",20,"Female"
"S01086",20,"Female"
"S01087",18,"Female"
"S01088",25,"Male"
"S01089",23,"Male"
"S01090",29,"Male"
"S01091",25,"Male"
"S01092",28,"Female"
"S01093",26,"Female"
"S01094",22,"Male"
"S01095",29,"Female"
"S01096",20,"Female"
"S01097",22,"Male"
"S01098",22,"Male"
"S01099",22,"Male"
"S01100",20,"Male"
"S01101",28,"Male"
"S01102",27,"Female"
"S01103",21,"Male"
"S01104",26,"Male"
"S01105",27,"Other"
"S01106",26,"Female"
"S01107",19,"Female"
"S01108",25,"Male"
"S01109",25,"Male"
"S01110",24,"Female"
"S01111",25,"Male"
"S01112",20,"Male"
"S01113",23,"Female"
"S01114",18,"Female"
"S01115",24,"Male"
"S01116",18,"Female"
"S01117",26,"Male"
"S01118",18,"Male"
"S01119",18,"Male"
"S01120",24,"Male"
"S01121",19,"Male"
"S01122",22,"Female"
"S01123",25,"Female"
"S01124",25,"Female"
"S01125",20,"Male"
"S01126",24,"Male"
"S01127",20,"Male"
"S01128",23,"Male"
"S01129",23,"Male"
"S01130",20,"Female"
"S01131",24,"Female"
"S01132",20,"Female"
"S01133",25,"Male"
"S01134",27,"Female"
"S01135",21,"Male"
"S01136",18,"Male"
"S01137",21,"Male"
"S01138",24,"Female"
"S01139",28,"Other"
"S01140",21,"Male"
"S01141",23,"Female"
"S01142",26,"Female"
"S01143",18,"Male"
"S01144",22,"Male"
"S01145",28,"Male"
"S01146",24,"Other"
"S01147",18,"Male"
"S01148",21,"Female"
"S01149",23,"Male"
"S01150",19,"Female"
"S01151",27,"Male"
"S01152",22,"Female"
"S01153",28,"Female"
"S01154",27,"Female"
"S01155",18,"Female"
"S01156",23,"Male"
"S01157",23,"Female"
"S01158",21,"Male"
"S01159",25,"Male"
"S01160",21,"Female"
"S01161",25,"Male"
"S01162",25,"Female"
"S01163",22,"Other"
"S01164",21,"Male"
"S01165",29,"Female"
"S01166",19,"Male"
"S01167",28,"Male"
"S01168",20,"Male"
"S01169",20,"Female"
"S01170",21,"Female"
"S01171",21,"Female"
"S01172",27,"Other"
"S01173",28,"Male"
"S01174",28,"Male"
"S01175",22,"Female"
"S01176",21,"Female"
"S01177",28,"Male"
"S01178",27,"Male"
"S01179",25,"Female"
"S01180",23,"Female"
"S01181",23,"Male"
"S01182",25,"Male"
"S01183",24,"Female"
"S01184",27,"Female"
"S01185",28,"Male"
"S01186",29,"Female"
"S01187",27,"Male"
"S01188",25,"Male"
"S01189",19,"Female"
"S01190",26,"Female"
"S01191",18,"Male"
"S01192",25,"Female"
"S01193",29,"Female"
"S01194",28,"Female"
"S01195",29,"Female"
"S01196",29,"Female"
"S01197",21,"Female"
"S01198",21,"Male"
"S01199",22,"Male"
"S01200",25,"Male"
"S01201",22,"Female"
"S01202",25,"Female"
"S01203",27,"Male"
"S01204",18,"Male"
"S01205",29,"Female"
"S01206",27,"Male"
"S01207",26,"Female"
"S01208",23,"Male"
"S01209",20,"Female"
"S01210",25,"Female"
"S01211",26,"Male"
"S01212",23,"Male"
"S01213",28,"Male"
"S01214",24,"Female"
"S01215",18,"Female"
"S01216",22,"Male"
"S01217",22,"Female"
"S01218",27,"Female"
"S01219",21,"Male"
"S01220",23,"Male"
"S01221",24,"Female"
"S01222",26,"Female"
"S01223",18,"Female"
"S01224",23,"Female"
"S01225",24,"Female"
"S01226",20,"Male"
"S01227",25,"Female"
"S01228",22,"Female"
"S01229",26,"Female"
"S01230",22,"Male"
"S01231",26,"Male"
"S01232",27,"Male"
"S01233",21,"Male"
"S01234",26,"Male"
"S01235",22,"Female"
"S01236",27,"Female"
"S01237",26,"Male"
"S01238",20,"Female"
"S01239",21,"Male"
"S01240",26,"Male"
"S01241",27,"Male"
"S01242",28,"Female"
"S01243",23,"Male"
"S01244",19,"Male"
"S01245",24,"Male"
"S01246",19,"Female"
"S01247",28,"Male"
"S01248",19,"Female"
"S01249",28,"Female"
"S01250",18,"Female"
"S01251",28,"Female"
"S01252",28,"Male"
"S01253",29,"Male"
"S01254",28,"Female"
"S01255",20,"Male"
"S01256",23,"Female"
"S01257",25,"Female"
"S01258",26,"Female"
"S01259",24,"Female"
"S01260",21,"Other"
"S01261",23,"Female"
"S01262",22,"Male"
"S01263",25,"Female"
"S01264",18,"Male"
"S01265",18,"Male"
"S01266",28,"Female"
"S01267",23,"Male"
"S01268",27,"Male"
"S01269",29,"Male"
"S01270",19,"Female"
"S01271",22,"Female"
"S01272",18,"Female"
"S01273",24,"Male"
"S01274",18,"Female"
"S01275",21,"Female"
"S01276",26,"Male"
"S01277",18,"Male"
"S01278",21,"Male"
"S01279",23,"Other"
"S01280",23,"Female"
"S01281",29,"Female"
"S01282",25,"Male"
"S01283",18,"Female"
"S01284",24,"Female"
"S01285",18,"Female"
"S01286",24,"Other"
"S01287",20,"Male"
"S01288",28,"Male"
"S01289",25,"Female"
"S01290",20,"Female"
"S01291",18,"Female"
"S01292",25,"Male"
"S01293",20,"Female"
"S01294",19,"Male"
"S01295",18,"Male"
"S01296",20,"Female"
"S01297",19,"Female"
"S01298",19,"Male"
"S01299",23,"Male"
"S01300",29,"Male"
"S01301",18,"Male"
"S01302",19,"Female"
"S01303",23,"Female"
"S01304",20,"Male"
"S01305",21,"Female"
"S01306",18,"Female"
"S01307",25,"Female"
"S01308",24,"Male"
"S01309",24,"Female"
"S01310",20,"Male"
"S01311",27,"Male"
"S01312",27,"Male"
"S01313",20,"Female"
"S01314",19,"Male"
"S01315",29,"Male"
"S01316",18,"Male"
"S01317",24,"Female"
"S01318",24,"Female"
"S01319",29,"Male"
"S01320",19,"Female"
"S01321",24,"Female"
"S01322",25,"Female"
"S01323",18,"Male"
"S01324",26,"Female"
"S01325",24,"Female"
"S01326",20,"Female"
"S01327",25,"Male"
"S01328",24,"Female"
"S01329",28,"Female"
"S01330",25,"Female"
"S01331",23,"Male"
"S01332",26,"Male"
"S01333",22,"Female"
"S01334",20,"Female"
"S01335",20,"Male"
"S01336",18,"Female"
"S01337",29,"Male"
"S01338",25,"Female"
"S01339",19,"Female"
"S01340",20,"Female"
"S01341",25,"Female"
"S01342",25,"Male"
"S01343",28,"Female"
"S01344",21,"Male"
"S01345",21,"Female"
"S01346",22,"Female"
"S01347",23,"Female"
"S01348",22,"Male"
"S01349",24,"Female"
"S01350",19,"Male"
"S01351",24,"Male"
"S01352",27,"Female"
"S01353",24,"Male"
"S01354",18,"Female"
"S01355",24,"Male"
"S01356",22,"Male"
"S01357",20,"Female"
"S01358",20,"Female"
"S01359",21,"Male"
"S01360",29,"Female"
"S01361",19,"Female"
"S01362",19,"Female"
"S01363",18,"Male"
"S01364",22,"Female"
"S01365",21,"Female"
"S01366",28,"Female"
"S01367",27,"Male"
"S01368",19,"Female"
"S01369",20,"Female"
"S01370",24,"Female"
"S01371",24,"Male"
"S01372",29,"Female"
"S01373",21,"Female"
"S01374",22,"Male"
"S01375",22,"Male"
"S01376",23,"Female"
"S01377",26,"Male"
"S01378",19,"Other"
"S01379",22,"Female"
"S01380",29,"Female"
"S01381",20,"Male"
"S01382",21,"Male"
"S01383",27,"Female"
"S01384",23,"Male"
"S01385",29,"Female"
"S01386",25,"Male"
"S01387",18,"Male"
"S01388",27,"Male"
"S01389",25,"Female"
"S01390",28,"Other"
"S01391",24,"Male"
"S01392",18,"Male"
"S01393",19,"Male"
"S01394",20,"Female"
"S01395",18,"Male"
"S01396",26,"Female"
"S01397",25,"Female"
"S01398",19,"Female"
"S01399",26,"Male"
"S01400",24,"Other"
"S01401",26,"Male"
"S01402",23,"Male"
"S01403",23,"Female"
"S01404",28,"Female"
"S01405",21,"Male"
"S01406",27,"Male"
"S01407",27,"Female"
"S01408",19,"Male"
"S01409",24,"Female"
"S01410",22,"Female"
"S01411",28,"Male"
"S01412",23,"Male"
"S01413",19,"Male"
"S01414",22,"Female"
"S01415",27,"Female"
"S01416",21,"Male"
"S01417",26,"Female"
"S01418",23,"Other"
"S01419",19,"Male"
"S01420",18,"Female"
"S01421",22,"Male"
"S01422",26,"Male"
"S01423",23,"Male"
"S01424",27,"Male"
"S01425",29,"Male"
"S01426",24,"Male"
"S01427",22,"Female"
"S01428",27,"Female"
"S01429",23,"Female"
"S01430",22,"Male"
"S01431",28,"Male"
"S01432",26,"Male"
"S01433",23,"Female"
"S01434",28,"Female"
"S01435",25,"Male"
"S01436",19,"Male"
"S01437",29,"Female"
"S01438",26,"Male"
"S01439",22,"Male"
"S01440",24,"Female"
"S01441",27,"Female"
"S01442",18,"Male"
"S01443",27,"Male"
"S01444",22,"Other"
"S01445",29,"Male"
"S01446",27,"Male"
"S01447",19,"Male"
"S01448",29,"Male"
"S01449",23,"Male"
"S01450",28,"Female"
"S01451",18,"Male"
"S01452",20,"Male"
"S01453",22,"Female"
"S01454",21,"Female"
"S01455",20,"Female"
"S01456",27,"Female"
"S01457",22,"Male"
"S01458",28,"Female"
"S01459",25,"Male"
"S01460",28,"Other"
"S01461",21,"Female"
"S01462",18,"Other"
"S01463",28,"Female"
"S01464",24,"Male"
"S01465",25,"Female"
"S01466",20,"Other"
"S01467",23,"Female"
"S01468",19,"Male"
"S01469",24,"Female"
"S01470",25,"Male"
"S01471",23,"Male"
"S01472",23,"Male"
"S01473",22,"Male"
"S01474",25,"Female"
"S01475",18,"Male"
"S01476",27,"Female"
"S01477",21,"Male"
"S01478",21,"Male"
"S01479",20,"Male"
"S01480",20,"Male"
"S01481",21,"Male"
"S01482",28,"Male"
"S01483",18,"Female"
"S01484",28,"Male"
"S01485",28,"Male"
"S01486",19,"Male"
"S01487",26,"Female"
"S01488",27,"Female"
"S01489",19,"Female"
"S01490",22,"Male"
"S01491",26,"Male"
"S01492",26,"Female"
"S01493",25,"Male"
"S01494",18,"Male"
"S01495",18,"Male"
"S01496",26,"Male"
"S01497",28,"Male"
"S01498",25,"Female"
"S01499",27,"Male"
"S01500",26,"Female"
"S01501",24,"Male"
"S01502",20,"Male"
"S01503",20,"Female"
"S01504",19,"Male"
"S01505",22,"Female"
"S01506",29,"Female"
"S01507",29,"Male"
"S01508",20,"Female"
"S01509",23,"Male"
"S01510",19,"Female"
"S01511",29,"Male"
"S01512",20,"Female"
"S01513",22,"Male"
"S01514",29,"Female"
"S01515",28,"Female"
"S01516",28,"Female"
"S01517",18,"Female"
"S01518",18,"Female"
"S01519",27,"Female"
"S01520",26,"Male"
"S01521",24,"Male"
"S01522",18,"Male"
"S01523",29,"Male"
"S01524",25,"Male"
"S01525",20,"Female"
"S01526",25,"Male"
"S01527",22,"Female"
"S01528",18,"Male"
"S01529",24,"Male"
"S01530",22,"Female"
"S01531",23,"Female"
"S01532",23,"Female"
"S01533",25,"Female"
"S01534",26,"Male"
"S01535",19,"Female"
"S01536",26,"Male"
"S01537",29,"Male"
"S01538",28,"Male"
"S01539",27,"Male"
"S01540",26,"Male"
"S01541",27,"Female"
"S01542",27,"Female"
"S01543",24,"Male"
"S01544",18,"Male"
"S01545",24,"Male"
"S01546",27,"Male"
"S01547",22,"Female"
"S01548",23,"Male"
"S01549",27,"Female"
"S01550",24,"Male"
"S01551",22,"Other"
"S01552",24,"Male"
"S01553",26,"Female"
"S01554",20,"Male"
"S01555",25,"Female"
"S01556",19,"Male"
"S01557",28,"Male"
"S01558",24,"Female"
"S01559",19,"Female"
"S01560",21,"Female"
"S01561",24,"Female"
"S01562",20,"Female"
"S01563",19,"Male"
"S01564",28,"Male"
"S01565",27,"Male"
"S01566",24,"Female"
"S01567",18,"Male"
"S01568",25,"Male"
"S01569",20,"Female"
"S01570",29,"Female"
"S01571",29,"Male"
"S01572",19,"Male"
"S01573",20,"Male"
"S01574",22,"Male"
"S01575",28,"Male"
"S01576",25,"Female"
"S01577",27,"Female"
"S01578",24,"Female"
"S01579",24,"Male"
"S01580",29,"Female"
"S01581",24,"Male"
"S01582",25,"Male"
"S01583",18,"Female"
"S01584",21,"Male"
"S01585",23,"Male"
"S01586",26,"Female"
"S01587",19,"Male"
"S01588",18,"Female"
"S01589",27,"Male"
"S01590",29,"Female"
"S01591",19,"Male"
"S01592",24,"Male"
"S01593",20,"Female"
"S01594",27,"Male"
"S01595",19,"Male"
"S01596",28,"Male"
"S01597",24,"Male"
"S01598",19,"Male"
"S01599",20,"Male"
"S01600",28,"Female"
"S01601",24,"Male"
"S01602",21,"Female"
"S01603",18,"Male"
"S01604",22,"Male"
"S01605",29,"Female"
"S01606",26,"Male"
"S01607",25,"Other"
"S01608",29,"Male"
"S01609",26,"Female"
"S01610",27,"Female"
"S01611",26,"Female"
"S01612",24,"Female"
"S01613",21,"Female"
"S01614",22,"Male"
"S01615",18,"Male"
"S01616",18,"Female"
"S01617",20,"Male"
"S01618",25,"Male"
"S01619",19,"Female"
"S01620",21,"Male"
"S01621",19,"Female"
"S01622",22,"Female"
"S01623",26,"Female"
"S01624",18,"Female"
"S01625",22,"Male"
"S01626",26,"Male"
"S01627",18,"Male"
"S01628",26,"Male"
"S01629",25,"Female"
"S01630",21,"Female"
"S01631",29,"Male"
"S01632",28,"Male"
"S01633",27,"Other"
"S01634",22,"Male"
"S01635",22,"Female"
"S01636",28,"Male"
"S01637",29,"Female"
"S01638",23,"Female"
"S01639",24,"Female"
"S01640",25,"Female"
"S01641",25,"Male"
"S01642",28,"Male"
"S01643",19,"Female"
"S01644",26,"Male"
"S01645",24,"Female"
"S01646",21,"Female"
"S01647",21,"Female"
"S01648",28,"Female"
"S01649",25,"Female"
"S01650",21,"Female"
"S01651",23,"Male"
"S01652",22,"Male"
"S01653",20,"Male"
"S01654",27,"Female"
"S01655",28,"Male"
"S01656",19,"Female"
"S01657",26,"Male"
"S01658",27,"Female"
"S01659",26,"Male"
"S01660",18,"Female"
"S01661",27,"Female"
"S01662",20,"Male"
"S01663",25,"Male"
"S01664",23,"Female"
"S01665",22,"Female"
"S01666",22,"Male"
"S01667",23,"Other"
"S01668",24,"Female"
"S01669",18,"Female"
"S01670",26,"Male"
"S01671",20,"Male"
"S01672",21,"Female"
"S01673",27,"Female"
"S01674",18,"Female"
"S01675",28,"Male"
"S01676",27,"Male"
"S01677",20,"Male"
"S01678",19,"Male"
"S01679",19,"Male"
"S01680",18,"Male"
"S01681",25,"Other"
"S01682",20,"Male"
"S01683",20,"Female"
"S01684",23,"Female"
"S01685",25,"Female"
"S01686",26,"Male"
"S01687",26,"Female"
"S01688",21,"Female"
"S01689",22,"Female"
"S01690",19,"Female"
"S01691",28,"Other"
"S01692",26,"Female"
"S01693",25,"Male"
"S01694",20,"Female"
"S01695",28,"Male"
"S01696",29,"Female"
"S01697",26,"Male"
"S01698",20,"Male"
"S01699",26,"Female"
"S01700",19,"Female"
"S01701",29,"Male"
"S01702",27,"Male"
"S01703",26,"Female"
"S01704",25,"Male"
"S01705",26,"Female"
"S01706",22,"Male"
"S01707",28,"Female"
"S01708",28,"Female"
"S01709",19,"Male"
"S01710",25,"Male"
"S01711",29,"Male"
"S01712",23,"Female"
"S01713",25,"Female"
"S01714",28,"Female"
"S01715",22,"Male"
"S01716",27,"Male"
"S01717",19,"Male"
"S01718",23,"Male"
"S01719",22,"Female"
"S01720",29,"Female"
"S01721",29,"Female"
"S01722",22,"Male"
"S01723",18,"Female"
"S01724",19,"Female"
"S01725",25,"Female"
"S01726",20,"Female"
"S01727",27,"Male"
"S01728",20,"Male"
"S01729",25,"Female"
"S01730",25,"Male"
"S01731",19,"Male"
"S01732",25,"Female"
"S01733",28,"Female"
"S01734",18,"Female"
"S01735",23,"Male"
"S01736",25,"Male"
"S01737",20,"Female"
"S01738",25,"Other"
"S01739",29,"Female"
"S01740",18,"Female"
"S01741",28,"Female"
"S01742",28,"Female"
"S01743",26,"Male"
"S01744",28,"Female"
"S01745",26,"Female"
"S01746",22,"Female"
"S01747",27,"Female"
"S01748",21,"Female"
"S01749",28,"Male"
"S01750",23,"Female"
"S01751",29,"Male"
"S01752",24,"Female"
"S01753",22,"Male"
"S01754",28,"Male"
"S01755",27,"Male"
"S01756",26,"Female"
"S01757",20,"Male"
"S01758",24,"Male"
"S01759",27,"Female"
"S01760",27,"Male"
"S01761",28,"Female"
"S01762",22,"Female"
"S01763",24,"Female"
"S01764",19,"Male"
"S01765",21,"Female"
"S01766",19,"Male"
"S01767",29,"Male"
"S01768",24,"Male"
"S01769",19,"Female"
"S01770",28,"Male"
"S01771",18,"Female"
"S01772",26,"Female"
"S01773",18,"Female"
"S01774",25,"Male"
"S01775",19,"Other"
"S01776",29,"Female"
"S01777",25,"Female"
"S01778",20,"Male"
"S01779",23,"Female"
"S01780",20,"Male"
"S01781",24,"Male"
"S01782",27,"Male"
"S01783",26,"Female"
"S01784",19,"Male"
"S01785",29,"Male"
"S01786",29,"Female"
"S01787",22,"Female"
"S01788",23,"Male"
"S01789",21,"Female"
"S01790",21,"Male"
"S01791",21,"Male"
"S01792",19,"Male"
"S01793",21,"Female"
"S01794",28,"Male"
"S01795",18,"Male"
"S01796",29,"Male"
"S01797",23,"Female"
"S01798",18,"Male"
"S01799",27,"Male"
"S01800",23,"Male"
"S01801",18,"Male"
"S01802",23,"Female"
"S01803",27,"Female"
"S01804",25,"Male"
"S01805",28,"Male"
"S01806",19,"Male"
"S01807",19,"Male"
"S01808",29,"Male"
"S01809",21,"Female"
"S01810",28,"Other"
"S01811",20,"Other"
"S01812",21,"Female"
"S01813",29,"Female"
"S01814",24,"Female"
"S01815",28,"Male"
"S01816",18,"Female"
"S01817",23,"Male"
"S01818",20,"Female"
"S01819",28,"Female"
"S01820",27,"Male"
"S01821",24,"Male"
"S01822",27,"Female"
"S01823",19,"Male"
"S01824",19,"Female"
"S01825",21,"Female"
"S01826",18,"Female"
"S01827",20,"Female"
"S01828",26,"Male"
"S01829",24,"Male"
"S01830",24,"Female"
"S01831",28,"Female"
"S01832",21,"Female"
"S01833",19,"Male"
"S01834",21,"Male"
"S01835",23,"Other"
"S01836",28,"Male"
"S01837",28,"Female"
"S01838",20,"Male"
"S01839",18,"Female"
"S01840",29,"Female"
"S01841",25,"Female"
"S01842",29,"Male"
"S01843",22,"Female"
"S01844",22,"Female"
"S01845",28,"Male"
"S01846",21,"Female"
"S01847",23,"Female"
"S01848",20,"Female"
"S01849",26,"Female"
"S01850",22,"Male"
"S01851",20,"Male"
"S01852",28,"Male"
"S01853",18,"Female"
"S01854",27,"Female"
"S01855",29,"Female"
"S01856",23,"Male"
"S01857",19,"Male"
"S01858",20,"Female"
"S01859",18,"Male"
"S01860",26,"Male"
"S01861",25,"Female"
"S01862",29,"Male"
"S01863",19,"Male"
"S01864",29,"Male"
"S01865",28,"Male"
"S01866",25,"Other"
"S01867",29,"Male"
"S01868",26,"Male"
"S01869",18,"Male"
"S01870",22,"Female"
"S01871",25,"Male"
"S01872",28,"Female"
"S01873",19,"Male"
"S01874",21,"Male"
"S01875",24,"Male"
"S01876",20,"Female"
"S01877",29,"Female"
"S01878",22,"Male"
"S01879",25,"Female"
"S01880",29,"Female"
"S01881",27,"Male"
"S01882",20,"Female"
"S01883",21,"Male"
"S01884",26,"Female"
"S01885",24,"Female"
"S01886",18,"Female"
"S01887",29,"Female"
"S01888",21,"Male"
"S01889",21,"Female"
"S01890",26,"Male"
"S01891",23,"Male"
"S01892",26,"Female"
"S01893",29,"Female"
"S01894",23,"Female"
"S01895",23,"Male"
"S01896",22,"Female"
"S01897",22,"Female"
"S01898",19,"Male"
"S01899",25,"Male"
"S01900",25,"Male"
"S01901",28,"Male"
"S01902",18,"Other"
"S01903",25,"Female"
"S01904",22,"Female"
"S01905",19,"Other"
"S01906",19,"Male"
"S01907",23,"Female"
"S01908",28,"Male"
"S01909",26,"Female"
"S01910",18,"Male"
"S01911",29,"Female"
"S01912",23,"Male"
"S01913",26,"Male"
"S01914",25,"Female"
"S01915",28,"Male"
"S01916",23,"Female"
"S01917",20,"Male"
"S01918",25,"Female"
"S01919",26,"Male"
"S01920",18,"Male"
"S01921",29,"Male"
"S01922",26,"Male"
"S01923",23,"Male"
"S01924",23,"Male"
"S01925",29,"Male"
"S01926",21,"Male"
"S01927",18,"Female"
"S01928",27,"Female"
"S01929",25,"Male"
"S01930",19,"Female"
"S01931",29,"Female"
"S01932",18,"Male"
"S01933",19,"Female"
"S01934",18,"Male"
"S01935",18,"Female"
"S01936",26,"Male"
"S01937",18,"Female"
"S01938",21,"Female"
"S01939",27,"Male"
"S01940",23,"Male"
"S01941",24,"Other"
"S01942",19,"Male"
"S01943",23,"Female"
"S01944",24,"Female"
"S01945",27,"Female"
"S01946",27,"Female"
"S01947",19,"Female"
"S01948",19,"Female"
"S01949",27,"Male"
"S01950",24,"Male"
"S01951",29,"Male"
"S01952",18,"Other"
"S01953",25,"Female"
"S01954",28,"Male"
"S01955",20,"Female"
"S01956",28,"Female"
"S01957",23,"Male"
"S01958",26,"Female"
"S01959",23,"Male"
"S01960",26,"Female"
"S01961",24,"Male"
"S01962",26,"Female"
"S01963",19,"Female"
"S01964",29,"Male"
"S01965",25,"Other"
"S01966",25,"Female"
"S01967",19,"Male"
"S01968",29,"Male"
"S01969",21,"Female"
"S01970",28,"Male"
"S01971",24,"Male"
"S01972",28,"Male"
"S01973",21,"Male"
"S01974",21,"Female"
"S01975",23,"Male"
"S01976",27,"Male"
"S01977",23,"Male"
"S01978",27,"Male"
"S01979",20,"Female"
"S01980",26,"Male"
"S01981",29,"Other"
"S01982",27,"Female"
"S01983",28,"Male"
"S01984",19,"Female"
"S01985",23,"Male"
"S01986",29,"Female"
"S01987",24,"Other"
"S01988",29,"Male"
"S01989",26,"Male"
"S01990",20,"Female"
"S01991",27,"Male"
"S01992",20,"Male"
"S01993",24,"Male"
"S01994",21,"Male"
"S01995",25,"Female"
"S01996",24,"Male"
"S01997",22,"Male"
"S01998",24,"Female"
"S01999",20,"Male"
"S02000",29,"Male"
"S02001",19,"Female"
"S02002",23,"Male"
"S02003",19,"Female"
"S02004",20,"Female"
"S02005",23,"Male"
"S02006",22,"Female"
"S02007",25,"Male"
"S02008",26,"Male"
"S02009",28,"Female"
"S02010",20,"Female"
"S02011",29,"Male"
"S02012",27,"Female"
"S02013",20,"Female"
"S02014",20,"Other"
"S02015",23,"Female"
"S02016",18,"Male"
"S02017",24,"Male"
"S02018",29,"Female"
"S02019",18,"Male"
"S02020",22,"Female"
"S02021",27,"Male"
"S02022",25,"Male"
"S02023",21,"Male"
"S02024",22,"Other"
"S02025",21,"Male"
"S02026",29,"Female"
"S02027",29,"Male"
"S02028",21,"Male"
"S02029",29,"Male"
"S02030",25,"Female"
"S02031",19,"Male"
"S02032",18,"Male"
"S02033",20,"Male"
"S02034",26,"Male"
"S02035",21,"Other"
"S02036",27,"Female"
"S02037",22,"Male"
"S02038",19,"Female"
"S02039",21,"Female"
"S02040",19,"Male"
"S02041",19,"Female"
"S02042",21,"Female"
"S02043",23,"Male"
"S02044",24,"Male"
"S02045",27,"Other"
"S02046",20,"Female"
"S02047",20,"Male"
"S02048",27,"Male"
"S02049",23,"Male"
"S02050",29,"Female"
"S02051",20,"Female"
"S02052",19,"Other"
"S02053",25,"Male"
"S02054",22,"Female"
"S02055",18,"Female"
"S02056",20,"Male"
"S02057",27,"Male"
"S02058",25,"Other"
"S02059",21,"Female"
"S02060",24,"Female"
"S02061",27,"Female"
"S02062",29,"Male"
"S02063",19,"Female"
"S02064",24,"Female"
"S02065",22,"Female"
"S02066",22,"Other"
"S02067",23,"Female"
"S02068",26,"Male"
"S02069",23,"Female"
"S02070",29,"Male"
"S02071",25,"Male"
"S02072",24,"Male"
"S02073",26,"Male"
"S02074",21,"Female"
"S02075",19,"Female"
"S02076",24,"Female"
"S02077",23,"Female"
"S02078",18,"Male"
"S02079",28,"Female"
"S02080",26,"Male"
"S02081",26,"Male"
"S02082",29,"Female"
"S02083",19,"Male"
"S02084",20,"Male"
"S02085",22,"Female"
"S02086",22,"Female"
"S02087",18,"Male"
"S02088",25,"Other"
"S02089",29,"Female"
"S02090",25,"Female"
"S02091",21,"Male"
"S02092",24,"Female"
"S02093",28,"Female"
"S02094",27,"Female"
"S02095",20,"Female"
"S02096",23,"Male"
"S02097",27,"Male"
"S02098",27,"Male"
"S02099",29,"Male"
"S02100",26,"Female"
"S02101",18,"Male"
"S02102",22,"Other"
"S02103",21,"Female"
"S02104",25,"Male"
"S02105",28,"Male"
"S02106",29,"Female"
"S02107",18,"Other"
"S02108",26,"Male"
"S02109",23,"Male"
"S02110",21,"Female"
"S02111",29,"Female"
"S02112",26,"Male"
"S02113",28,"Female"
"S02114",22,"Male"
"S02115",22,"Male"
"S02116",29,"Male"
"S02117",22,"Male"
"S02118",18,"Male"
"S02119",18,"Female"
"S02120",25,"Male"
"S02121",29,"Male"
"S02122",25,"Male"
"S02123",29,"Other"
"S02124",23,"Male"
"S02125",29,"Male"
"S02126",28,"Female"
"S02127",21,"Other"
"S02128",19,"Male"
"S02129",19,"Female"
"S02130",26,"Female"
"S02131",22,"Female"
"S02132",21,"Male"
"S02133",27,"Female"
"S02134",18,"Male"
"S02135",24,"Female"
"S02136",20,"Female"
"S02137",23,"Male"
"S02138",22,"Female"
"S02139",22,"Male"
"S02140",28,"Female"
"S02141",22,"Male"
"S02142",18,"Male"
"S02143",18,"Male"
"S02144",20,"Female"
"S02145",29,"Male"
"S02146",27,"Male"
"S02147",21,"Male"
"S02148",22,"Female"
"S02149",19,"Female"
"S02150",25,"Male"
"S02151",28,"Male"
"S02152",28,"Male"
"S02153",19,"Male"
"S02154",26,"Male"
"S02155",19,"Female"
"S02156",26,"Male"
"S02157",24,"Male"
"S02158",25,"Male"
"S02159",28,"Other"
"S02160",19,"Female"
"S02161",24,"Female"
"S02162",29,"Male"
"S02163",23,"Male"
"S02164",21,"Male"
"S02165",24,"Male"
"S02166",21,"Female"
"S02167",19,"Female"
"S02168",27,"Female"
"S02169",29,"Female"
"S02170",24,"Male"
"S02171",25,"Female"
"S02172",19,"Male"
"S02173",22,"Male"
"S02174",18,"Female"
"S02175",24,"Male"
"S02176",25,"Male"
"S02177",23,"Male"
"S02178",22,"Female"
"S02179",23,"Female"
"S02180",19,"Male"
"S02181",18,"Female"
"S02182",24,"Male"
"S02183",24,"Male"
"S02184",27,"Female"
"S02185",28,"Female"
"S02186",27,"Other"
"S02187",19,"Male"
"S02188",19,"Female"
"S02189",18,"Female"
"S02190",27,"Female"
"S02191",25,"Male"
"S02192",25,"Female"
"S02193",18,"Female"
"S02194",29,"Male"
"S02195",28,"Male"
"S02196",25,"Male"
"S02197",26,"Female"
"S02198",21,"Female"
"S02199",18,"Female"
"S02200",18,"Female"
"S02201",20,"Female"
"S02202",22,"Male"
"S02203",22,"Male"
"S02204",26,"Female"
"S02205",27,"Male"
"S02206",29,"Male"
"S02207",19,"Female"
"S02208",19,"Male"
"S02209",23,"Male"
"S02210",26,"Male"
"S02211",18,"Male"
"S02212",26,"Female"
"S02213",26,"Female"
"S02214",26,"Female"
"S02215",22,"Male"
"S02216",26,"Female"
"S02217",28,"Female"
"S02218",21,"Female"
"S02219",19,"Male"
"S02220",23,"Female"
"S02221",21,"Female"
"S02222",23,"Female"
"S02223",20,"Female"
"S02224",23,"Male"
"S02225",19,"Female"
"S02226",19,"Male"
"S02227",26,"Female"
"S02228",24,"Male"
"S02229",20,"Male"
"S02230",28,"Male"
"S02231",18,"Female"
"S02232",25,"Male"
"S02233",23,"Female"
"S02234",24,"Female"
"S02235",26,"Male"
"S02236",22,"Male"
"S02237",18,"Male"
"S02238",29,"Female"
"S02239",27,"Female"
"S02240",24,"Male"
"S02241",22,"Male"
"S02242",20,"Female"
"S02243",29,"Female"
"S02244",26,"Female"
"S02245",18,"Female"
"S02246",18,"Male"
"S02247",18,"Male"
"S02248",20,"Male"
"S02249",29,"Male"
"S02250",23,"Male"
"S02251",27,"Male"
"S02252",28,"Male"
"S02253",20,"Female"
"S02254",25,"Female"
"S02255",27,"Female"
"S02256",19,"Female"
"S02257",26,"Male"
"S02258",20,"Female"
"S02259",22,"Male"
"S02260",27,"Female"
"S02261",25,"Male"
"S02262",19,"Other"
"S02263",23,"Male"
"S02264",29,"Male"
"S02265",22,"Female"
"S02266",27,"Male"
"S02267",26,"Female"
"S02268",29,"Female"
"S02269",22,"Female"
"S02270",19,"Other"
"S02271",22,"Other"
"S02272",29,"Male"
"S02273",21,"Female"
"S02274",28,"Female"
"S02275",24,"Female"
"S02276",23,"Male"
"S02277",19,"Female"
"S02278",29,"Other"
"S02279",28,"Female"
"S02280",28,"Male"
"S02281",22,"Male"
"S02282",24,"Male"
"S02283",28,"Female"
"S02284",24,"Female"
"S02285",22,"Male"
"S02286",29,"Male"
"S02287",26,"Male"
"S02288",21,"Male"
"S02289",28,"Female"
"S02290",20,"Female"
"S02291",21,"Male"
"S02292",22,"Female"
"S02293",23,"Male"
"S02294",20,"Other"
"S02295",19,"Male"
"S02296",21,"Male"
"S02297",22,"Male"
"S02298",21,"Female"
"S02299",28,"Female"
"S02300",29,"Female"
"S02301",20,"Male"
"S02302",25,"Male"
"S02303",27,"Male"
"S02304",21,"Female"
"S02305",19,"Male"
"S02306",19,"Female"
"S02307",18,"Female"
"S02308",21,"Female"
"S02309",27,"Male"
"S02310",26,"Male"
"S02311",28,"Male"
"S02312",24,"Female"
"S02313",29,"Female"
"S02314",27,"Male"
"S02315",24,"Male"
"S02316",24,"Female"
"S02317",25,"Female"
"S02318",18,"Male"
"S02319",27,"Female"
"S02320",27,"Male"
"S02321",25,"Male"
"S02322",21,"Female"
"S02323",21,"Female"
"S02324",21,"Female"
"S02325",23,"Male"
"S02326",24,"Female"
"S02327",23,"Male"
"S02328",18,"Male"
"S02329",29,"Female"
"S02330",25,"Male"
"S02331",27,"Female"
"S02332",28,"Female"
"S02333",24,"Male"
"S02334",23,"Male"
"S02335",23,"Male"
"S02336",22,"Male"
"S02337",23,"Female"
"S02338",29,"Female"
"S02339",26,"Male"
"S02340",27,"Male"
"S02341",26,"Female"
"S02342",27,"Female"
"S02343",25,"Male"
"S02344",27,"Male"
"S02345",26,"Female"
"S02346",27,"Male"
"S02347",25,"Male"
"S02348",25,"Female"
"S02349",18,"Female"
"S02350",27,"Female"
"S02351",28,"Female"
"S02352",22,"Female"
"S02353",21,"Male"
"S02354",19,"Male"
"S02355",25,"Male"
"S02356",20,"Male"
"S02357",21,"Female"
"S02358",29,"Female"
"S02359",24,"Other"
"S02360",27,"Female"
"S02361",26,"Male"
"S02362",19,"Male"
"S02363",20,"Female"
"S02364",21,"Female"
"S02365",27,"Female"
"S02366",18,"Female"
"S02367",24,"Female"
"S02368",19,"Female"
"S02369",22,"Male"
"S02370",18,"Female"
"S02371",20,"Female"
"S02372",29,"Male"
"S02373",19,"Female"
"S02374",18,"Male"
"S02375",24,"Female"
"S02376",22,"Male"
"S02377",18,"Female"
"S02378",23,"Male"
"S02379",22,"Female"
"S02380",20,"Male"
"S02381",29,"Male"
"S02382",24,"Female"
"S02383",28,"Female"
"S02384",27,"Male"
"S02385",26,"Male"
"S02386",26,"Female"
"S02387",26,"Female"
"S02388",19,"Female"
"S02389",20,"Male"
"S02390",24,"Female"
"S02391",22,"Male"
"S02392",19,"Male"
"S02393",20,"Female"
"S02394",27,"Female"
"S02395",23,"Female"
"S02396",24,"Male"
"S02397",26,"Male"
"S02398",18,"Male"
"S02399",28,"Other"
"S02400",24,"Male"
"S02401",25,"Male"
"S02402",29,"Male"
"S02403",20,"Female"
"S02404",21,"Male"
"S02405",27,"Female"
"S02406",23,"Male"
"S02407",27,"Female"
"S02408",24,"Male"
"S02409",21,"Female"
"S02410",25,"Female"
"S02411",22,"Male"
"S02412",18,"Other"
"S02413",21,"Male"
"S02414",20,"Female"
"S02415",26,"Female"
"S02416",25,"Male"
"S02417",18,"Male"
"S02418",28,"Male"
"S02419",23,"Male"
"S02420",26,"Male"
"S02421",24,"Male"
"S02422",21,"Male"
"S02423",18,"Female"
"S02424",29,"Male"
"S02425",19,"Male"
"S02426",29,"Female"
"S02427",22,"Male"
"S02428",29,"Male"
"S02429",28,"Male"
"S02430",22,"Female"
"S02431",25,"Female"
"S02432",23,"Male"
"S02433",25,"Female"
"S02434",19,"Female"
"S02435",20,"Female"
"S02436",23,"Female"
"S02437",29,"Female"
"S02438",27,"Male"
"S02439",20,"Male"
"S02440",23,"Male"
"S02441",23,"Female"
"S02442",19,"Female"
"S02443",24,"Female"
"S02444",29,"Other"
"S02445",19,"Male"
"S02446",23,"Female"
"S02447",18,"Female"
"S02448",20,"Other"
"S02449",19,"Other"
"S02450",24,"Female"
"S02451",21,"Male"
"S02452",25,"Female"
"S02453",23,"Male"
"S02454",29,"Female"
"S02455",27,"Female"
"S02456",21,"Male"
"S02457",22,"Female"
"S02458",26,"Male"
"S02459",24,"Male"
"S02460",27,"Male"
"S02461",26,"Female"
"S02462",24,"Female"
"S02463",29,"Female"
"S02464",18,"Male"
"S02465",29,"Female"
"S02466",25,"Female"
"S02467",21,"Male"
"S02468",20,"Male"
"S02469",24,"Male"
"S02470",29,"Female"
"S02471",20,"Female"
"S02472",25,"Female"
"S02473",23,"Male"
"S02474",22,"Female"
"S02475",21,"Male"
"S02476",25,"Male"
"S02477",25,"Female"
"S02478",29,"Male"
"S02479",18,"Female"
"S02480",26,"Male"
"S02481",22,"Female"
"S02482",21,"Male"
"S02483",23,"Female"
"S02484",23,"Male"
"S02485",19,"Male"
"S02486",25,"Female"
"S02487",24,"Male"
"S02488",18,"Female"
"S02489",22,"Other"
"S02490",29,"Male"
"S02491",23,"Male"
"S02492",21,"Female"
"S02493",19,"Other"
"S02494",21,"Female"
"S02495",18,"Female"
"S02496",24,"Female"
"S02497",19,"Male"
"S02498",19,"Other"
"S02499",26,"Other"
"S02500",22,"Male"
"S02501",19,"Male"
"S02502",28,"Male"
"S02503",26,"Male"
"S02504",26,"Female"
"S02505",18,"Male"
"S02506",28,"Male"
"S02507",20,"Male"
"S02508",21,"Other"
"S02509",24,"Female"
"S02510",27,"Male"
"S02511",21,"Male"
"S02512",19,"Other"
"S02513",24,"Female"
"S02514",23,"Male"
"S02515",20,"Male"
"S02516",23,"Male"
"S02517",28,"Male"
"S02518",23,"Female"
"S02519",29,"Female"
"S02520",22,"Female"
"S02521",21,"Female"
"S02522",27,"Male"
"S02523",29,"Female"
"S02524",18,"Female"
"S02525",27,"Male"
"S02526",23,"Male"
"S02527",19,"Female"
"S02528",20,"Male"
"S02529",25,"Male"
"S02530",27,"Female"
"S02531",23,"Other"
"S02532",20,"Male"
"S02533",24,"Female"
"S02534",21,"Male"
"S02535",26,"Female"
"S02536",22,"Female"
"S02537",20,"Female"
"S02538",19,"Male"
"S02539",28,"Female"
"S02540",19,"Female"
"S02541",20,"Male"
"S02542",19,"Male"
"S02543",21,"Male"
"S02544",19,"Male"
"S02545",27,"Female"
"S02546",26,"Male"
"S02547",19,"Male"
"S02548",26,"Female"
"S02549",23,"Male"
"S02550",18,"Female"
"S02551",21,"Male"
"S02552",18,"Female"
"S02553",23,"Female"
"S02554",21,"Female"
"S02555",20,"Male"
"S02556",20,"Female"
"S02557",26,"Male"
"S02558",23,"Male"
"S02559",26,"Male"
"S02560",22,"Female"
"S02561",19,"Male"
"S02562",25,"Female"
"S02563",22,"Male"
"S02564",19,"Male"
"S02565",21,"Female"
"S02566",26,"Male"
"S02567",21,"Female"
"S02568",29,"Male"
"S02569",29,"Female"
"S02570",29,"Female"
"S02571",21,"Male"
"S02572",19,"Male"
"S02573",29,"Female"
"S02574",23,"Female"
"S02575",28,"Male"
"S02576",19,"Male"
"S02577",29,"Female"
"S02578",24,"Female"
"S02579",20,"Male"
"S02580",20,"Female"
"S02581",22,"Male"
"S02582",20,"Female"
"S02583",19,"Male"
"S02584",27,"Other"
"S02585",26,"Female"
"S02586",19,"Female"
"S02587",28,"Female"
"S02588",19,"Female"
"S02589",25,"Female"
"S02590",26,"Male"
"S02591",24,"Female"
"S02592",20,"Female"
"S02593",26,"Female"
"S02594",20,"Male"
"S02595",22,"Male"
"S02596",26,"Male"
"S02597",29,"Female"
"S02598",20,"Male"
"S02599",24,"Female"
"S02600",29,"Female"
"S02601",18,"Female"
"S02602",21,"Female"
"S02603",21,"Male"
"S02604",24,"Male"
"S02605",25,"Male"
"S02606",18,"Female"
"S02607",22,"Male"
"S02608",24,"Female"
"S02609",29,"Male"
"S02610",21,"Male"
"S02611",21,"Male"
"S02612",21,"Female"
"S02613",29,"Female"
"S02614",23,"Male"
"S02615",24,"Female"
"S02616",19,"Male"
"S02617",22,"Other"
"S02618",21,"Female"
"S02619",20,"Male"
"S02620",24,"Female"
"S02621",28,"Male"
"S02622",29,"Other"
"S02623",23,"Male"
"S02624",24,"Female"
"S02625",22,"Male"
"S02626",23,"Female"
"S02627",22,"Female"
"S02628",24,"Female"
"S02629",19,"Female"
"S02630",28,"Female"
"S02631",22,"Male"
"S02632",23,"Male"
"S02633",23,"Male"
"S02634",22,"Other"
"S02635",27,"Male"
"S02636",24,"Female"
"S02637",27,"Female"
"S02638",25,"Male"
"S02639",24,"Male"
"S02640",22,"Male"
"S02641",18,"Male"
"S02642",22,"Male"
"S02643",27,"Male"
"S02644",19,"Female"
"S02645",22,"Other"
"S02646",22,"Male"
"S02647",19,"Male"
"S02648",22,"Male"
"S02649",21,"Female"
"S02650",18,"Female"
"S02651",20,"Male"
"S02652",18,"Male"
"S02653",29,"Female"
"S02654",28,"Female"
"S02655",22,"Male"
"S02656",21,"Female"
"S02657",24,"Male"
"S02658",22,"Male"
"S02659",27,"Female"
"S02660",21,"Female"
"S02661",19,"Male"
"S02662",21,"Female"
"S02663",29,"Male"
"S02664",19,"Female"
"S02665",25,"Female"
"S02666",20,"Female"
"S02667",26,"Female"
"S02668",21,"Male"
"S02669",23,"Female"
"S02670",27,"Female"
"S02671",22,"Female"
"S02672",27,"Male"
"S02673",18,"Female"
"S02674",26,"Female"
"S02675",18,"Male"
"S02676",25,"Female"
"S02677",26,"Male"
"S02678",26,"Male"
"S02679",18,"Female"
"S02680",19,"Female"
"S02681",29,"Female"
"S02682",18,"Male"
"S02683",27,"Other"
"S02684",19,"Male"
"S02685",27,"Male"
"S02686",29,"Male"
"S02687",25,"Female"
"S02688",22,"Female"
"S02689",29,"Female"
"S02690",28,"Female"
"S02691",24,"Male"
"S02692",19,"Female"
"S02693",25,"Male"
"S02694",28,"Female"
"S02695",23,"Male"
"S02696",25,"Female"
"S02697",18,"Female"
"S02698",18,"Female"
"S02699",29,"Female"
"S02700",24,"Male"
"S02701",25,"Female"
"S02702",20,"Male"
"S02703",22,"Female"
"S02704",29,"Female"
"S02705",18,"Male"
"S02706",24,"Other"
"S02707",22,"Female"
"S02708",25,"Male"
"S02709",25,"Female"
"S02710",26,"Male"
"S02711",24,"Female"
"S02712",28,"Female"
"S02713",18,"Other"
"S02714",20,"Female"
"S02715",25,"Male"
"S02716",20,"Female"
"S02717",25,"Male"
"S02718",18,"Female"
"S02719",22,"Female"
"S02720",21,"Male"
"S02721",22,"Male"
"S02722",25,"Female"
"S02723",27,"Female"
"S02724",21,"Male"
"S02725",28,"Male"
"S02726",21,"Male"
"S02727",20,"Female"
"S02728",24,"Male"
"S02729",20,"Female"
"S02730",29,"Male"
"S02731",20,"Female"
"S02732",28,"Male"
"S02733",27,"Female"
"S02734",22,"Male"
"S02735",22,"Female"
"S02736",23,"Male"
"S02737",25,"Female"
"S02738",27,"Female"
"S02739",23,"Male"
"S02740",29,"Female"
"S02741",18,"Female"
"S02742",25,"Male"
"S02743",25,"Male"
"S02744",26,"Male"
"S02745",26,"Female"
"S02746",19,"Female"
"S02747",19,"Male"
"S02748",20,"Female"
"S02749",18,"Female"
"S02750",21,"Female"
"S02751",21,"Female"
"S02752",26,"Female"
"S02753",26,"Female"
"S02754",26,"Male"
"S02755",27,"Female"
"S02756",24,"Female"
"S02757",19,"Male"
"S02758",27,"Female"
"S02759",22,"Female"
"S02760",21,"Female"
"S02761",29,"Male"
"S02762",28,"Male"
"S02763",25,"Female"
"S02764",19,"Female"
"S02765",23,"Male"
"S02766",22,"Female"
"S02767",29,"Female"
"S02768",19,"Male"
"S02769",28,"Male"
"S02770",27,"Male"
"S02771",18,"Female"
"S02772",25,"Male"
"S02773",19,"Male"
"S02774",24,"Male"
"S02775",26,"Male"
"S02776",26,"Male"
"S02777",25,"Male"
"S02778",28,"Female"
"S02779",29,"Female"
"S02780",27,"Male"
"S02781",26,"Male"
"S02782",19,"Other"
"S02783",23,"Male"
"S02784",21,"Male"
"S02785",21,"Male"
"S02786",22,"Male"
"S02787",29,"Female"
"S02788",20,"Male"
"S02789",18,"Female"
"S02790",25,"Male"
"S02791",22,"Male"
"S02792",20,"Female"
"S02793",27,"Male"
"S02794",24,"Female"
"S02795",24,"Male"
"S02796",18,"Female"
"S02797",29,"Male"
"S02798",26,"Female"
"S02799",19,"Male"
"S02800",22,"Female"
"S02801",22,"Male"
"S02802",25,"Female"
"S02803",25,"Male"
"S02804",24,"Female"
"S02805",24,"Male"
"S02806",29,"Male"
"S02807",28,"Female"
"S02808",23,"Male"
"S02809",23,"Male"
"S02810",28,"Female"
"S02811",26,"Other"
"S02812",23,"Male"
"S02813",29,"Female"
"S02814",19,"Female"
"S02815",19,"Male"
"S02816",22,"Female"
"S02817",21,"Female"
"S02818",28,"Other"
"S02819",19,"Male"
"S02820",20,"Female"
"S02821",24,"Male"
"S02822",25,"Male"
"S02823",29,"Male"
"S02824",23,"Other"
"S02825",28,"Female"
"S02826",22,"Female"
"S02827",18,"Female"
"S02828",25,"Male"
"S02829",20,"Male"
"S02830",23,"Male"
"S02831",20,"Male"
"S02832",24,"Female"
"S02833",24,"Female"
"S02834",29,"Male"
"S02835",26,"Male"
"S02836",22,"Male"
"S02837",25,"Male"
"S02838",27,"Female"
"S02839",27,"Female"
"S02840",25,"Female"
"S02841",18,"Male"
"S02842",29,"Male"
"S02843",22,"Male"
"S02844",20,"Female"
"S02845",18,"Female"
"S02846",21,"Male"
"S02847",25,"Female"
"S02848",20,"Female"
"S02849",27,"Female"
"S02850",19,"Female"
"S02851",28,"Female"
"S02852",26,"Female"
"S02853",27,"Male"
"S02854",22,"Male"
"S02855",24,"Male"
"S02856",28,"Male"
"S02857",28,"Female"
"S02858",19,"Female"
"S02859",26,"Male"
"S02860",26,"Female"
"S02861",21,"Male"
"S02862",21,"Male"
"S02863",23,"Male"
"S02864",27,"Male"
"S02865",27,"Male"
"S02866",27,"Female"
"S02867",23,"Male"
"S02868",29,"Other"
"S02869",18,"Male"
"S02870",26,"Male"
"S02871",19,"Male"
"S02872",22,"Female"
"S02873",26,"Male"
"S02874",21,"Female"
"S02875",28,"Female"
"S02876",20,"Female"
"S02877",24,"Female"
"S02878",23,"Male"
"S02879",25,"Male"
"S02880",20,"Male"
"S02881",22,"Female"
"S02882",27,"Male"
"S02883",21,"Male"
"S02884",21,"Other"
"S02885",21,"Male"
"S02886",27,"Female"
"S02887",25,"Female"
"S02888",23,"Male"
"S02889",20,"Male"
"S02890",27,"Male"
"S02891",22,"Female"
"S02892",23,"Female"
"S02893",22,"Female"
"S02894",23,"Female"
"S02895",25,"Female"
"S02896",24,"Male"
"S02897",22,"Male"
"S02898",27,"Female"
"S02899",23,"Male"
"S02900",21,"Male"
"S02901",29,"Female"
"S02902",26,"Male"
"S02903",21,"Female"
"S02904",18,"Female"
"S02905",24,"Male"
"S02906",24,"Female"
"S02907",21,"Male"
"S02908",20,"Male"
"S02909",25,"Male"
"S02910",22,"Male"
"S02911",27,"Female"
"S02912",24,"Male"
"S02913",21,"Male"
"S02914",21,"Male"
"S02915",25,"Female"
"S02916",25,"Female"
"S02917",19,"Male"
"S02918",19,"Male"
"S02919",20,"Male"
"S02920",29,"Male"
"S02921",29,"Female"
"S02922",20,"Female"
"S02923",18,"Male"
"S02924",20,"Male"
"S02925",23,"Male"
"S02926",25,"Female"
"S02927",29,"Male"
"S02928",27,"Other"
"S02929",23,"Female"
"S02930",22,"Male"
"S02931",21,"Female"
"S02932",20,"Female"
"S02933",21,"Female"
"S02934",24,"Male"
"S02935",18,"Male"
"S02936",24,"Female"
"S02937",18,"Female"
"S02938",19,"Female"
"S02939",21,"Female"
"S02940",18,"Female"
"S02941",28,"Female"
"S02942",29,"Male"
"S02943",28,"Female"
"S02944",28,"Female"
"S02945",26,"Female"
"S02946",29,"Female"
"S02947",23,"Male"
"S02948",18,"Female"
"S02949",18,"Female"
"S02950",23,"Male"
"S02951",21,"Male"
"S02952",21,"Male"
"S02953",28,"Male"
"S02954",23,"Male"
"S02955",29,"Male"
"S02956",28,"Female"
"S02957",24,"Female"
"S02958",26,"Female"
"S02959",27,"Female"
"S02960",22,"Male"
"S02961",26,"Male"
"S02962",21,"Female"
"S02963",27,"Male"
"S02964",19,"Other"
"S02965",20,"Female"
"S02966",28,"Female"
"S02967",18,"Other"
"S02968",23,"Male"
"S02969",23,"Male"
"S02970",18,"Female"
"S02971",28,"Male"
"S02972",20,"Female"
"S02973",22,"Male"
"S02974",20,"Female"
"S02975",27,"Female"
"S02976",20,"Female"
"S02977",27,"Male"
"S02978",20,"Male"
"S02979",22,"Female"
"S02980",22,"Male"
"S02981",21,"Female"
"S02982",18,"Female"
"S02983",22,"Female"
"S02984",27,"Female"
"S02985",22,"Male"
"S02986",21,"Female"
"S02987",23,"Female"
"S02988",27,"Male"
"S02989",21,"Other"
"S02990",24,"Male"
"S02991",24,"Male"
"S02992",19,"Male"
"S02993",20,"Female"
"S02994",18,"Male"
"S02995",25,"Female"
"S02996",26,"Female"
"S02997",21,"Male"
"S02998",23,"Male"
"S02999",26,"Female"
"S03000",23,"Male"
"S03001",29,"Female"
"S03002",29,"Male"
"S03003",29,"Female"
"S03004",26,"Female"
"S03005",21,"Male"
"S03006",25,"Male"
"S03007",26,"Male"
"S03008",21,"Male"
"S03009",22,"Female"
"S03010",25,"Female"
"S03011",29,"Male"
"S03012",27,"Female"
"S03013",23,"Female"
"S03014",29,"Male"
"S03015",24,"Male"
"S03016",20,"Female"
"S03017",24,"Female"
"S03018",29,"Female"
"S03019",25,"Female"
"S03020",27,"Male"
"S03021",23,"Female"
"S03022",27,"Female"
"S03023",26,"Female"
"S03024",23,"Male"
"S03025",29,"Male"
"S03026",26,"Male"
"S03027",21,"Female"
"S03028",25,"Male"
"S03029",28,"Male"
"S03030",21,"Male"
"S03031",19,"Male"
"S03032",27,"Female"
"S03033",28,"Female"
"S03034",26,"Female"
"S03035",22,"Male"
"S03036",21,"Female"
"S03037",19,"Male"
"S03038",18,"Male"
"S03039",28,"Male"
"S03040",24,"Male"
"S03041",23,"Male"
"S03042",19,"Female"
"S03043",25,"Female"
"S03044",28,"Female"
"S03045",21,"Male"
"S03046",25,"Male"
"S03047",24,"Male"
"S03048",22,"Other"
"S03049",27,"Female"
"S03050",27,"Female"
"S03051",29,"Male"
"S03052",25,"Female"
"S03053",26,"Male"
"S03054",22,"Female"
"S03055",27,"Female"
"S03056",22,"Other"
"S03057",19,"Female"
"S03058",22,"Male"
"S03059",20,"Female"
"S03060",24,"Female"
"S03061",27,"Male"
"S03062",22,"Male"
"S03063",25,"Male"
"S03064",18,"Male"
"S03065",20,"Male"
"S03066",20,"Female"
"S03067",26,"Male"
"S03068",22,"Male"
"S03069",29,"Female"
"S03070",26,"Female"
"S03071",26,"Female"
"S03072",18,"Male"
"S03073",19,"Female"
"S03074",22,"Female"
"S03075",21,"Male"
"S03076",27,"Male"
"S03077",26,"Female"
"S03078",24,"Female"
"S03079",23,"Other"
"S03080",24,"Female"
"S03081",18,"Female"
"S03082",18,"Female"
"S03083",25,"Male"
"S03084",19,"Male"
"S03085",29,"Male"
"S03086",27,"Female"
"S03087",28,"Female"
"S03088",26,"Female"
"S03089",24,"Male"
"S03090",23,"Female"
"S03091",18,"Male"
"S03092",18,"Male"
"S03093",19,"Female"
"S03094",23,"Female"
"S03095",23,"Other"
"S03096",19,"Male"
"S03097",18,"Female"
"S03098",27,"Male"
"S03099",22,"Male"
"S03100",22,"Female"
"S03101",19,"Female"
"S03102",23,"Female"
"S03103",26,"Male"
"S03104",19,"Female"
"S03105",27,"Male"
"S03106",19,"Female"
"S03107",20,"Male"
"S03108",24,"Male"
"S03109",23,"Female"
"S03110",29,"Female"
"S03111",25,"Male"
"S03112",25,"Male"
"S03113",23,"Female"
"S03114",29,"Male"
"S03115",28,"Male"
"S03116",27,"Male"
"S03117",20,"Male"
"S03118",20,"Female"
"S03119",18,"Female"
"S03120",24,"Female"
"S03121",22,"Other"
"S03122",21,"Male"
"S03123",27,"Male"
"S03124",21,"Male"
"S03125",21,"Male"
"S03126",23,"Male"
"S03127",25,"Female"
"S03128",25,"Female"
"S03129",22,"Male"
"S03130",23,"Female"
"S03131",21,"Female"
"S03132",29,"Female"
"S03133",28,"Female"
"S03134",26,"Female"
"S03135",25,"Female"
"S03136",27,"Female"
"S03137",29,"Female"
"S03138",27,"Male"
"S03139",18,"Male"
"S03140",19,"Female"
"S03141",26,"Male"
"S03142",25,"Male"
"S03143",20,"Female"
"S03144",25,"Male"
"S03145",29,"Female"
"S03146",18,"Female"
"S03147",27,"Other"
"S03148",21,"Female"
"S03149",20,"Male"
"S03150",23,"Female"
"S03151",24,"Female"
"S03152",21,"Other"
"S03153",24,"Male"
"S03154",26,"Male"
"S03155",28,"Female"
"S03156",19,"Male"
"S03157",28,"Female"
"S03158",20,"Male"
"S03159",22,"Male"
"S03160",20,"Male"
"S03161",28,"Male"
"S03162",25,"Female"
"S03163",29,"Female"
"S03164",27,"Male"
"S03165",25,"Female"
"S03166",25,"Male"
"S03167",29,"Female"
"S03168",29,"Male"
"S03169",26,"Female"
"S03170",21,"Female"
"S03171",22,"Female"
"S03172",22,"Female"
"S03173",25,"Female"
"S03174",24,"Other"
"S03175",26,"Female"
"S03176",25,"Female"
"S03177",19,"Female"
"S03178",27,"Male"
"S03179",29,"Female"
"S03180",21,"Male"
"S03181",23,"Female"
"S03182",29,"Female"
"S03183",19,"Female"
"S03184",24,"Male"
"S03185",20,"Male"
"S03186",20,"Female"
"S03187",28,"Female"
"S03188",19,"Male"
"S03189",28,"Male"
"S03190",25,"Female"
"S03191",23,"Female"
"S03192",18,"Male"
"S03193",29,"Male"
"S03194",18,"Male"
"S03195",24,"Other"
"S03196",25,"Male"
"S03197",22,"Male"
"S03198",29,"Male"
"S03199",28,"Male"
"S03200",22,"Female"
"S03201",21,"Male"
"S03202",23,"Male"
"S03203",23,"Male"
"S03204",20,"Male"
"S03205",26,"Male"
"S03206",29,"Female"
"S03207",28,"Female"
"S03208",24,"Female"
"S03209",18,"Female"
"S03210",24,"Female"
"S03211",22,"Male"
"S03212",22,"Female"
"S03213",19,"Female"
"S03214",21,"Female"
"S03215",29,"Female"
"S03216",23,"Male"
"S03217",27,"Female"
"S03218",28,"Female"
"S03219",24,"Other"
"S03220",28,"Male"
"S03221",22,"Male"
"S03222",26,"Male"
"S03223",20,"Female"
"S03224",18,"Male"
"S03225",21,"Male"
"S03226",26,"Other"
"S03227",21,"Male"
"S03228",19,"Female"
"S03229",27,"Male"
"S03230",22,"Female"
"S03231",20,"Female"
"S03232",29,"Female"
"S03233",26,"Female"
"S03234",21,"Male"
"S03235",23,"Male"
"S03236",19,"Male"
"S03237",23,"Female"
"S03238",20,"Female"
"S03239",29,"Male"
"S03240",29,"Female"
"S03241",26,"Male"
"S03242",28,"Female"
"S03243",19,"Other"
"S03244",29,"Male"
"S03245",29,"Female"
"S03246",26,"Male"
"S03247",22,"Female"
"S03248",25,"Female"
"S03249",19,"Male"
"S03250",23,"Male"
"S03251",20,"Male"
"S03252",29,"Female"
"S03253",29,"Female"
"S03254",27,"Male"
"S03255",22,"Female"
"S03256",29,"Female"
"S03257",25,"Male"
"S03258",27,"Male"
"S03259",18,"Female"
"S03260",22,"Female"
"S03261",20,"Male"
"S03262",21,"Male"
"S03263",19,"Male"
"S03264",26,"Female"
"S03265",20,"Male"
"S03266",19,"Male"
"S03267",27,"Female"
"S03268",28,"Female"
"S03269",26,"Male"
"S03270",24,"Male"
"S03271",23,"Female"
"S03272",18,"Male"
"S03273",22,"Male"
"S03274",29,"Female"
"S03275",28,"Male"
"S03276",28,"Female"
"S03277",20,"Female"
"S03278",18,"Male"
"S03279",21,"Male"
"S03280",19,"Female"
"S03281",19,"Female"
"S03282",20,"Female"
"S03283",25,"Female"
"S03284",25,"Male"
"S03285",29,"Female"
"S03286",24,"Male"
"S03287",23,"Male"
"S03288",26,"Male"
"S03289",21,"Male"
"S03290",29,"Female"
"S03291",18,"Male"
"S03292",25,"Male"
"S03293",24,"Male"
"S03294",24,"Female"
"S03295",20,"Female"
"S03296",21,"Male"
"S03297",27,"Male"
"S03298",26,"Male"
"S03299",23,"Female"
"S03300",22,"Female"
"S03301",20,"Female"
"S03302",26,"Female"
"S03303",22,"Male"
"S03304",22,"Female"
"S03305",21,"Female"
"S03306",21,"Male"
"S03307",29,"Male"
"S03308",18,"Female"
"S03309",24,"Female"
"S03310",26,"Male"
"S03311",20,"Female"
"S03312",29,"Female"
"S03313",19,"Male"
"S03314",20,"Male"
"S03315",18,"Male"
"S03316",23,"Female"
"S03317",28,"Male"
"S03318",28,"Male"
"S03319",24,"Female"
"S03320",28,"Female"
"S03321",28,"Male"
"S03322",19,"Male"
"S03323",25,"Female"
"S03324",23,"Female"
"S03325",21,"Female"
"S03326",22,"Male"
"S03327",25,"Female"
"S03328",20,"Female"
"S03329",20,"Female"
"S03330",28,"Female"
"S03331",21,"Male"
"S03332",18,"Male"
"S03333",26,"Female"
"S03334",25,"Female"
"S03335",25,"Female"
"S03336",27,"Male"
"S03337",23,"Female"
"S03338",24,"Female"
"S03339",23,"Male"
"S03340",26,"Male"
"S03341",20,"Female"
"S03342",20,"Female"
"S03343",20,"Female"
"S03344",27,"Female"
"S03345",20,"Male"
"S03346",26,"Male"
"S03347",29,"Female"
"S03348",21,"Female"
"S03349",24,"Female"
"S03350",26,"Female"
"S03351",28,"Male"
"S03352",29,"Female"
"S03353",24,"Male"
"S03354",26,"Male"
"S03355",29,"Male"
"S03356",20,"Male"
"S03357",21,"Male"
"S03358",25,"Male"
"S03359",23,"Male"
"S03360",22,"Male"
"S03361",21,"Female"
"S03362",25,"Male"
"S03363",18,"Male"
"S03364",26,"Female"
"S03365",18,"Female"
"S03366",25,"Female"
"S03367",21,"Male"
"S03368",26,"Female"
"S03369",28,"Male"
"S03370",22,"Male"
"S03371",20,"Male"
"S03372",26,"Female"
"S03373",28,"Male"
"S03374",26,"Male"
"S03375",21,"Male"
"S03376",28,"Female"
"S03377",21,"Female"
"S03378",29,"Male"
"S03379",25,"Female"
"S03380",19,"Female"
"S03381",26,"Female"
"S03382",23,"Male"
"S03383",26,"Female"
"S03384",25,"Male"
"S03385",24,"Female"
"S03386",18,"Male"
"S03387",29,"Male"
"S03388",20,"Male"
"S03389",28,"Female"
"S03390",19,"Male"
"S03391",22,"Female"
"S03392",22,"Male"
"S03393",22,"Female"
"S03394",21,"Female"
"S03395",22,"Female"
"S03396",20,"Female"
"S03397",29,"Female"
"S03398",18,"Male"
"S03399",22,"Female"
"S03400",26,"Male"
"S03401",26,"Female"
"S03402",21,"Female"
"S03403",20,"Male"
"S03404",18,"Male"
"S03405",19,"Male"
"S03406",25,"Female"
"S03407",18,"Female"
"S03408",25,"Female"
"S03409",24,"Female"
"S03410",25,"Female"
"S03411",29,"Male"
"S03412",23,"Male"
"S03413",29,"Female"
"S03414",26,"Female"
"S03415",20,"Female"
"S03416",27,"Male"
"S03417",21,"Male"
"S03418",23,"Male"
"S03419",25,"Male"
"S03420",22,"Male"
"S03421",20,"Female"
"S03422",23,"Male"
"S03423",21,"Female"
"S03424",26,"Male"
"S03425",20,"Female"
"S03426",21,"Male"
"S03427",24,"Male"
"S03428",24,"Male"
"S03429",29,"Other"
"S03430",29,"Female"
"S03431",21,"Male"
"S03432",23,"Male"
"S03433",29,"Female"
"S03434",20,"Male"
"S03435",23,"Male"
"S03436",29,"Female"
"S03437",19,"Female"
"S03438",25,"Male"
"S03439",19,"Male"
"S03440",28,"Female"
"S03441",24,"Male"
"S03442",26,"Male"
"S03443",18,"Female"
"S03444",25,"Female"
"S03445",24,"Male"
"S03446",23,"Other"
"S03447",23,"Female"
"S03448",23,"Male"
"S03449",26,"Other"
"S03450",19,"Male"
"S03451",18,"Male"
"S03452",29,"Female"
"S03453",23,"Male"
"S03454",27,"Male"
"S03455",28,"Male"
"S03456",25,"Male"
"S03457",20,"Female"
"S03458",29,"Female"
"S03459",27,"Other"
"S03460",18,"Male"
"S03461",26,"Male"
"S03462",18,"Male"
"S03463",20,"Male"
"S03464",25,"Male"
"S03465",20,"Female"
"S03466",21,"Female"
"S03467",25,"Other"
"S03468",18,"Male"
"S03469",23,"Female"
"S03470",18,"Male"
"S03471",18,"Male"
"S03472",25,"Female"
"S03473",28,"Female"
"S03474",21,"Male"
"S03475",29,"Male"
"S03476",18,"Male"
"S03477",27,"Female"
"S03478",24,"Male"
"S03479",22,"Other"
"S03480",22,"Male"
"S03481",18,"Male"
"S03482",27,"Female"
"S03483",28,"Female"
"S03484",23,"Male"
"S03485",26,"Female"
"S03486",26,"Female"
"S03487",25,"Female"
"S03488",22,"Female"
"S03489",18,"Female"
"S03490",26,"Female"
"S03491",18,"Female"
"S03492",25,"Male"
"S03493",22,"Male"
"S03494",20,"Male"
"S03495",28,"Male"
"S03496",24,"Male"
"S03497",24,"Other"
"S03498",26,"Male"
"S03499",24,"Male"
"S03500",28,"Female"
"S03501",20,"Male"
"S03502",28,"Male"
"S03503",18,"Male"
"S03504",25,"Male"
"S03505",29,"Male"
"S03506",20,"Female"
"S03507",29,"Female"
"S03508",25,"Male"
"S03509",25,"Male"
"S03510",22,"Male"
"S03511",29,"Female"
"S03512",18,"Male"
"S03513",27,"Male"
"S03514",24,"Female"
"S03515",29,"Male"
"S03516",27,"Male"
"S03517",22,"Male"
"S03518",25,"Female"
"S03519",26,"Female"
"S03520",28,"Female"
"S03521",24,"Female"
"S03522",24,"Female"
"S03523",18,"Other"
"S03524",21,"Other"
"S03525",19,"Male"
"S03526",19,"Female"
"S03527",19,"Male"
"S03528",21,"Male"
"S03529",18,"Female"
"S03530",21,"Male"
"S03531",19,"Female"
"S03532",22,"Male"
"S03533",20,"Female"
"S03534",29,"Female"
"S03535",25,"Female"
"S03536",21,"Male"
"S03537",18,"Male"
"S03538",18,"Female"
"S03539",29,"Male"
"S03540",27,"Other"
"S03541",20,"Female"
"S03542",26,"Male"
"S03543",24,"Male"
"S03544",19,"Male"
"S03545",26,"Female"
"S03546",27,"Male"
"S03547",19,"Male"
"S03548",20,"Male"
"S03549",28,"Female"
"S03550",27,"Male"
"S03551",19,"Male"
"S03552",20,"Female"
"S03553",23,"Female"
"S03554",26,"Female"
"S03555",26,"Male"
"S03556",24,"Male"
"S03557",29,"Female"
"S03558",20,"Male"
"S03559",21,"Female"
"S03560",23,"Female"
"S03561",28,"Male"
"S03562",22,"Female"
"S03563",19,"Female"
"S03564",23,"Male"
"S03565",20,"Female"
"S03566",25,"Male"
"S03567",19,"Male"
"S03568",18,"Male"
"S03569",26,"Female"
"S03570",29,"Female"
"S03571",20,"Female"
"S03572",28,"Male"
"S03573",18,"Female"
"S03574",24,"Male"
"S03575",27,"Female"
"S03576",22,"Male"
"S03577",22,"Male"
"S03578",18,"Male"
"S03579",26,"Female"
"S03580",24,"Male"
"S03581",25,"Female"
"S03582",26,"Male"
"S03583",23,"Male"
"S03584",29,"Male"
"S03585",22,"Female"
"S03586",23,"Female"
"S03587",28,"Male"
"S03588",19,"Male"
"S03589",21,"Male"
"S03590",20,"Female"
"S03591",24,"Male"
"S03592",26,"Female"
"S03593",22,"Female"
"S03594",23,"Male"
"S03595",27,"Female"
"S03596",29,"Female"
"S03597",29,"Female"
"S03598",19,"Male"
"S03599",20,"Male"
"S03600",20,"Male"
"S03601",29,"Male"
"S03602",29,"Male"
"S03603",26,"Male"
"S03604",24,"Female"
"S03605",25,"Male"
"S03606",28,"Male"
"S03607",27,"Male"
"S03608",28,"Female"
"S03609",26,"Female"
"S03610",23,"Female"
"S03611",21,"Male"
"S03612",29,"Other"
"S03613",18,"Male"
"S03614",25,"Male"
"S03615",24,"Male"
"S03616",19,"Male"
"S03617",25,"Male"
"S03618",29,"Female"
"S03619",22,"Female"
"S03620",24,"Male"
"S03621",21,"Female"
"S03622",22,"Male"
"S03623",25,"Male"
"S03624",18,"Female"
"S03625",18,"Female"
"S03626",21,"Male"
"S03627",20,"Male"
"S03628",27,"Female"
"S03629",29,"Female"
"S03630",19,"Female"
"S03631",29,"Male"
"S03632",20,"Male"
"S03633",28,"Male"
"S03634",28,"Male"
"S03635",28,"Female"
"S03636",18,"Male"
"S03637",18,"Male"
"S03638",23,"Female"
"S03639",22,"Female"
"S03640",25,"Male"
"S03641",19,"Female"
"S03642",21,"Female"
"S03643",25,"Female"
"S03644",29,"Male"
"S03645",23,"Female"
"S03646",18,"Female"
"S03647",21,"Male"
"S03648",18,"Male"
"S03649",19,"Female"
"S03650",22,"Male"
"S03651",25,"Female"
"S03652",25,"Male"
"S03653",28,"Male"
"S03654",20,"Male"
"S03655",28,"Female"
"S03656",21,"Male"
"S03657",27,"Female"
"S03658",28,"Female"
"S03659",23,"Female"
"S03660",28,"Female"
"S03661",28,"Female"
"S03662",27,"Male"
"S03663",20,"Female"
"S03664",19,"Female"
"S03665",23,"Male"
"S03666",28,"Male"
"S03667",22,"Female"
"S03668",27,"Male"
"S03669",22,"Female"
"S03670",27,"Male"
"S03671",22,"Male"
"S03672",27,"Female"
"S03673",29,"Male"
"S03674",22,"Male"
"S03675",20,"Female"
"S03676",24,"Male"
"S03677",23,"Female"
"S03678",21,"Female"
"S03679",19,"Female"
"S03680",29,"Male"
"S03681",26,"Male"
"S03682",18,"Female"
"S03683",28,"Female"
"S03684",21,"Female"
"S03685",18,"Female"
"S03686",23,"Male"
"S03687",21,"Male"
"S03688",22,"Male"
"S03689",22,"Male"
"S03690",26,"Male"
"S03691",18,"Female"
"S03692",19,"Male"
"S03693",23,"Male"
"S03694",22,"Male"
"S03695",28,"Female"
"S03696",24,"Female"
"S03697",20,"Female"
"S03698",20,"Female"
"S03699",27,"Male"
"S03700",19,"Female"
"S03701",20,"Male"
"S03702",27,"Male"
"S03703",18,"Female"
"S03704",22,"Female"
"S03705",29,"Male"
"S03706",22,"Male"
"S03707",29,"Female"
"S03708",28,"Male"
"S03709",24,"Male"
"S03710",21,"Male"
"S03711",20,"Male"
"S03712",18,"Female"
"S03713",29,"Male"
"S03714",25,"Male"
"S03715",20,"Female"
"S03716",19,"Female"
"S03717",28,"Male"
"S03718",21,"Male"
"S03719",20,"Male"
"S03720",18,"Female"
"S03721",20,"Female"
"S03722",29,"Female"
"S03723",19,"Female"
"S03724",25,"Female"
"S03725",23,"Female"
"S03726",26,"Female"
"S03727",25,"Male"
"S03728",27,"Other"
"S03729",20,"Male"
"S03730",22,"Male"
"S03731",24,"Female"
"S03732",22,"Male"
"S03733",25,"Female"
"S03734",29,"Female"
"S03735",22,"Male"
"S03736",18,"Female"
"S03737",22,"Male"
"S03738",21,"Male"
"S03739",23,"Female"
"S03740",20,"Female"
"S03741",28,"Female"
"S03742",22,"Male"
"S03743",19,"Female"
"S03744",28,"Male"
"S03745",23,"Female"
"S03746",29,"Male"
"S03747",23,"Female"
"S03748",22,"Male"
"S03749",23,"Male"
"S03750",28,"Female"
"S03751",24,"Female"
"S03752",29,"Female"
"S03753",22,"Female"
"S03754",18,"Female"
"S03755",25,"Female"
"S03756",21,"Male"
"S03757",26,"Female"
"S03758",27,"Male"
"S03759",29,"Female"
"S03760",23,"Female"
"S03761",18,"Female"
"S03762",20,"Female"
"S03763",20,"Female"
"S03764",27,"Female"
"S03765",29,"Male"
"S03766",29,"Female"
"S03767",21,"Male"
"S03768",23,"Female"
"S03769",24,"Male"
"S03770",27,"Male"
"S03771",21,"Male"
"S03772",23,"Male"
"S03773",28,"Female"
"S03774",18,"Male"
"S03775",25,"Female"
"S03776",24,"Male"
"S03777",28,"Female"
"S03778",28,"Female"
"S03779",26,"Female"
"S03780",20,"Female"
"S03781",19,"Male"
"S03782",18,"Female"
"S03783",20,"Male"
"S03784",22,"Female"
"S03785",28,"Female"
"S03786",19,"Male"
"S03787",29,"Female"
"S03788",20,"Female"
"S03789",21,"Male"
"S03790",24,"Male"
"S03791",20,"Male"
"S03792",26,"Female"
"S03793",25,"Female"
"S03794",21,"Male"
"S03795",18,"Male"
"S03796",18,"Female"
"S03797",18,"Female"
"S03798",18,"Male"
"S03799",25,"Male"
"S03800",20,"Female"
"S03801",23,"Male"
"S03802",20,"Male"
"S03803",28,"Female"
"S03804",22,"Female"
"S03805",24,"Male"
"S03806",19,"Male"
"S03807",23,"Male"
"S03808",23,"Male"
"S03809",28,"Female"
"S03810",20,"Male"
"S03811",23,"Female"
"S03812",27,"Female"
"S03813",27,"Male"
"S03814",22,"Male"
"S03815",29,"Female"
"S03816",19,"Female"
"S03817",26,"Female"
"S03818",25,"Male"
"S03819",20,"Female"
"S03820",25,"Female"
"S03821",26,"Female"
"S03822",20,"Male"
"S03823",20,"Female"
"S03824",19,"Female"
"S03825",25,"Male"
"S03826",27,"Female"
"S03827",18,"Male"
"S03828",25,"Male"
"S03829",24,"Male"
"S03830",24,"Female"
"S03831",20,"Male"
"S03832",18,"Male"
"S03833",21,"Female"
"S03834",26,"Male"
"S03835",22,"Female"
"S03836",18,"Female"
"S03837",22,"Female"
"S03838",25,"Female"
"S03839",25,"Female"
"S03840",22,"Male"
"S03841",29,"Female"
"S03842",26,"Male"
"S03843",18,"Female"
"S03844",21,"Male"
"S03845",20,"Female"
"S03846",19,"Female"
"S03847",25,"Female"
"S03848",24,"Male"
"S03849",26,"Male"
"S03850",19,"Female"
"S03851",21,"Female"
"S03852",23,"Male"
"S03853",28,"Other"
"S03854",20,"Female"
"S03855",25,"Male"
"S03856",20,"Female"
"S03857",29,"Female"
"S03858",19,"Male"
"S03859",20,"Male"
"S03860",28,"Female"
"S03861",23,"Female"
"S03862",19,"Male"
"S03863",25,"Female"
"S03864",18,"Female"
"S03865",24,"Female"
"S03866",19,"Male"
"S03867",27,"Female"
"S03868",29,"Male"
"S03869",23,"Male"
"S03870",29,"Male"
"S03871",19,"Female"
"S03872",19,"Female"
"S03873",27,"Male"
"S03874",25,"Female"
"S03875",29,"Male"
"S03876",19,"Male"
"S03877",24,"Other"
"S03878",20,"Female"
"S03879",25,"Male"
"S03880",24,"Female"
"S03881",25,"Male"
"S03882",24,"Male"
"S03883",28,"Female"
"S03884",23,"Female"
"S03885",24,"Male"
"S03886",22,"Female"
"S03887",24,"Female"
"S03888",18,"Male"
"S03889",18,"Female"
"S03890",26,"Female"
"S03891",22,"Female"
"S03892",22,"Female"
"S03893",20,"Female"
"S03894",22,"Male"
"S03895",20,"Female"
"S03896",26,"Female"
"S03897",26,"Male"
"S03898",23,"Female"
"S03899",18,"Female"
"S03900",24,"Female"
"S03901",24,"Male"
"S03902",27,"Male"
"S03903",27,"Female"
"S03904",21,"Male"
"S03905",25,"Female"
"S03906",23,"Male"
"S03907",21,"Male"
"S03908",21,"Male"
"S03909",19,"Male"
"S03910",19,"Female"
"S03911",29,"Male"
"S03912",21,"Male"
"S03913",22,"Male"
"S03914",25,"Female"
"S03915",23,"Male"
"S03916",21,"Female"
"S03917",28,"Female"
"S03918",24,"Female"
"S03919",25,"Female"
"S03920",19,"Female"
"S03921",29,"Female"
"S03922",24,"Male"
"S03923",19,"Male"
"S03924",19,"Male"
"S03925",25,"Female"
"S03926",19,"Other"
"S03927",28,"Female"
"S03928",26,"Male"
"S03929",29,"Female"
"S03930",18,"Male"
"S03931",26,"Male"
"S03932",18,"Male"
"S03933",27,"Male"
"S03934",27,"Female"
"S03935",19,"Male"
"S03936",23,"Male"
"S03937",23,"Female"
"S03938",18,"Female"
"S03939",24,"Female"
"S03940",25,"Male"
"S03941",19,"Female"
"S03942",25,"Female"
"S03943",26,"Male"
"S03944",23,"Female"
"S03945",22,"Male"
"S03946",29,"Male"
"S03947",26,"Female"
"S03948",29,"Female"
"S03949",28,"Male"
"S03950",26,"Female"
"S03951",18,"Female"
"S03952",28,"Female"
"S03953",20,"Male"
"S03954",26,"Female"
"S03955",28,"Male"
"S03956",19,"Female"
"S03957",29,"Male"
"S03958",21,"Male"
"S03959",21,"Female"
"S03960",19,"Male"
"S03961",20,"Male"
"S03962",20,"Male"
"S03963",18,"Female"
"S03964",23,"Male"
"S03965",25,"Female"
"S03966",29,"Male"
"S03967",20,"Male"
"S03968",22,"Male"
"S03969",18,"Female"
"S03970",27,"Male"
"S03971",24,"Male"
"S03972",27,"Other"
"S03973",18,"Female"
"S03974",29,"Male"
"S03975",28,"Male"
"S03976",26,"Female"
"S03977",25,"Male"
"S03978",24,"Male"
"S03979",27,"Female"
"S03980",24,"Female"
"S03981",22,"Female"
"S03982",22,"Male"
"S03983",28,"Male"
"S03984",22,"Female"
"S03985",18,"Male"
"S03986",25,"Female"
"S03987",29,"Female"
"S03988",28,"Male"
"S03989",18,"Female"
"S03990",21,"Female"
"S03991",26,"Female"
"S03992",26,"Male"
"S03993",22,"Male"
"S03994",21,"Female"
"S03995",20,"Male"
"S03996",20,"Other"
"S03997",29,"Male"
"S03998",22,"Female"
"S03999",27,"Male"
"S04000",18,"Female"
"S04001",22,"Male"
"S04002",23,"Male"
"S04003",24,"Male"
"S04004",29,"Female"
"S04005",26,"Male"
"S04006",20,"Female"
"S04007",19,"Female"
"S04008",20,"Male"
"S04009",29,"Female"
"S04010",26,"Male"
"S04011",29,"Other"
"S04012",24,"Female"
"S04013",26,"Male"
"S04014",19,"Male"
"S04015",22,"Male"
"S04016",21,"Other"
"S04017",19,"Male"
"S04018",26,"Female"
"S04019",26,"Male"
"S04020",23,"Female"
"S04021",28,"Male"
"S04022",23,"Female"
"S04023",25,"Female"
"S04024",23,"Female"
"S04025",18,"Male"
"S04026",21,"Male"
"S04027",24,"Male"
"S04028",19,"Female"
"S04029",26,"Male"
"S04030",25,"Female"
"S04031",25,"Male"
"S04032",24,"Female"
"S04033",21,"Female"
"S04034",19,"Female"
"S04035",20,"Male"
"S04036",29,"Male"
"S04037",23,"Male"
"S04038",29,"Male"
"S04039",29,"Female"
"S04040",22,"Female"
"S04041",29,"Female"
"S04042",25,"Male"
"S04043",23,"Female"
"S04044",23,"Female"
"S04045",18,"Female"
"S04046",21,"Male"
"S04047",22,"Male"
"S04048",29,"Male"
"S04049",28,"Female"
"S04050",20,"Female"
"S04051",26,"Male"
"S04052",18,"Male"
"S04053",23,"Female"
"S04054",23,"Female"
"S04055",27,"Male"
"S04056",22,"Female"
"S04057",29,"Other"
"S04058",22,"Female"
"S04059",27,"Male"
"S04060",22,"Female"
"S04061",23,"Female"
"S04062",25,"Male"
"S04063",19,"Female"
"S04064",23,"Female"
"S04065",18,"Female"
"S04066",21,"Male"
"S04067",27,"Female"
"S04068",20,"Female"
"S04069",26,"Male"
"S04070",20,"Female"
"S04071",23,"Female"
"S04072",18,"Female"
"S04073",29,"Male"
"S04074",23,"Female"
"S04075",21,"Male"
"S04076",25,"Male"
"S04077",28,"Female"
"S04078",26,"Male"
"S04079",21,"Female"
"S04080",27,"Male"
"S04081",29,"Male"
"S04082",27,"Male"
"S04083",23,"Other"
"S04084",18,"Female"
"S04085",21,"Female"
"S04086",24,"Male"
"S04087",29,"Male"
"S04088",18,"Other"
"S04089",25,"Male"
"S04090",29,"Male"
"S04091",27,"Female"
"S04092",29,"Male"
"S04093",28,"Female"
"S04094",23,"Female"
"S04095",22,"Male"
"S04096",27,"Male"
"S04097",28,"Male"
"S04098",26,"Female"
"S04099",19,"Female"
"S04100",22,"Male"
"S04101",23,"Male"
"S04102",24,"Female"
"S04103",22,"Female"
"S04104",26,"Male"
"S04105",18,"Male"
"S04106",24,"Male"
"S04107",27,"Female"
"S04108",24,"Other"
"S04109",21,"Male"
"S04110",26,"Female"
"S04111",29,"Male"
"S04112",28,"Male"
"S04113",22,"Male"
"S04114",21,"Female"
"S04115",24,"Female"
"S04116",21,"Female"
"S04117",20,"Male"
"S04118",26,"Male"
"S04119",28,"Male"
"S04120",25,"Female"
"S04121",18,"Male"
"S04122",24,"Female"
"S04123",26,"Male"
"S04124",25,"Male"
"S04125",25,"Male"
"S04126",23,"Male"
"S04127",28,"Male"
"S04128",21,"Male"
"S04129",25,"Female"
"S04130",20,"Female"
"S04131",26,"Male"
"S04132",19,"Male"
"S04133",19,"Male"
"S04134",29,"Male"
"S04135",29,"Male"
"S04136",24,"Female"
"S04137",29,"Male"
"S04138",27,"Male"
"S04139",21,"Male"
"S04140",27,"Male"
"S04141",25,"Female"
"S04142",26,"Male"
"S04143",24,"Male"
"S04144",22,"Female"
"S04145",25,"Male"
"S04146",21,"Female"
"S04147",19,"Female"
"S04148",28,"Male"
"S04149",29,"Female"
"S04150",23,"Male"
"S04151",26,"Female"
"S04152",18,"Male"
"S04153",28,"Male"
"S04154",27,"Female"
"S04155",29,"Female"
"S04156",24,"Other"
"S04157",27,"Female"
"S04158",26,"Male"
"S04159",27,"Male"
"S04160",26,"Male"
"S04161",27,"Male"
"S04162",28,"Male"
"S04163",20,"Female"
"S04164",28,"Male"
"S04165",22,"Male"
"S04166",25,"Male"
"S04167",25,"Female"
"S04168",21,"Female"
"S04169",29,"Female"
"S04170",28,"Male"
"S04171",28,"Female"
"S04172",18,"Male"
"S04173",18,"Female"
"S04174",21,"Female"
"S04175",23,"Male"
"S04176",25,"Female"
"S04177",23,"Female"
"S04178",29,"Male"
"S04179",26,"Female"
"S04180",26,"Male"
"S04181",19,"Male"
"S04182",27,"Male"
"S04183",18,"Male"
"S04184",19,"Female"
"S04185",22,"Male"
"S04186",21,"Female"
"S04187",21,"Male"
"S04188",26,"Other"
"S04189",28,"Female"
"S04190",25,"Female"
"S04191",23,"Male"
"S04192",18,"Male"
"S04193",19,"Male"
"S04194",23,"Female"
"S04195",28,"Female"
"S04196",19,"Male"
"S04197",27,"Male"
"S04198",22,"Female"
"S04199",22,"Male"
"S04200",23,"Female"
"S04201",23,"Female"
"S04202",23,"Female"
"S04203",19,"Male"
"S04204",27,"Male"
"S04205",20,"Female"
"S04206",23,"Female"
"S04207",25,"Male"
"S04208",29,"Male"
"S04209",28,"Female"
"S04210",29,"Female"
"S04211",18,"Female"
"S04212",18,"Other"
"S04213",28,"Male"
"S04214",19,"Male"
"S04215",28,"Female"
"S04216",29,"Female"
"S04217",29,"Male"
"S04218",23,"Male"
"S04219",26,"Female"
"S04220",21,"Male"
"S04221",20,"Male"
"S04222",29,"Female"
"S04223",25,"Female"
"S04224",28,"Female"
"S04225",27,"Male"
"S04226",26,"Female"
"S04227",29,"Female"
"S04228",28,"Female"
"S04229",22,"Female"
"S04230",26,"Male"
"S04231",19,"Male"
"S04232",20,"Male"
"S04233",24,"Male"
"S04234",24,"Female"
"S04235",23,"Female"
"S04236",23,"Female"
"S04237",19,"Female"
"S04238",27,"Male"
"S04239",23,"Male"
"S04240",21,"Male"
"S04241",29,"Male"
"S04242",20,"Male"
"S04243",28,"Female"
"S04244",19,"Other"
"S04245",18,"Male"
"S04246",28,"Male"
"S04247",28,"Female"
"S04248",22,"Male"
"S04249",19,"Female"
"S04250",19,"Female"
"S04251",24,"Female"
"S04252",25,"Male"
"S04253",27,"Female"
"S04254",25,"Male"
"S04255",21,"Female"
"S04256",18,"Male"
"S04257",28,"Male"
"S04258",24,"Female"
"S04259",18,"Female"
"S04260",28,"Female"
"S04261",21,"Female"
"S04262",25,"Female"
"S04263",19,"Male"
"S04264",23,"Female"
"S04265",23,"Female"
"S04266",29,"Female"
"S04267",26,"Female"
"S04268",22,"Male"
"S04269",27,"Female"
"S04270",21,"Male"
"S04271",22,"Male"
"S04272",29,"Female"
"S04273",29,"Male"
"S04274",27,"Female"
"S04275",28,"Male"
"S04276",22,"Male"
"S04277",25,"Female"
"S04278",27,"Female"
"S04279",29,"Female"
"S04280",25,"Female"
"S04281",19,"Female"
"S04282",24,"Male"
"S04283",25,"Male"
"S04284",28,"Male"
"S04285",23,"Female"
"S04286",22,"Female"
"S04287",28,"Male"
"S04288",26,"Female"
"S04289",20,"Female"
"S04290",29,"Male"
"S04291",27,"Male"
"S04292",21,"Female"
"S04293",26,"Female"
"S04294",23,"Female"
"S04295",25,"Male"
"S04296",24,"Other"
"S04297",28,"Male"
"S04298",19,"Male"
"S04299",20,"Other"
"S04300",18,"Male"
"S04301",26,"Female"
"S04302",24,"Male"
"S04303",18,"Female"
"S04304",20,"Female"
"S04305",21,"Male"
"S04306",21,"Female"
"S04307",22,"Male"
"S04308",20,"Female"
"S04309",20,"Male"
"S04310",18,"Male"
"S04311",24,"Male"
"S04312",28,"Male"
"S04313",27,"Female"
"S04314",18,"Male"
"S04315",19,"Male"
"S04316",21,"Male"
"S04317",21,"Male"
"S04318",22,"Female"
"S04319",28,"Other"
"S04320",19,"Male"
"S04321",21,"Female"
"S04322",18,"Female"
"S04323",19,"Male"
"S04324",18,"Female"
"S04325",27,"Female"
"S04326",27,"Female"
"S04327",21,"Female"
"S04328",21,"Male"
"S04329",24,"Female"
"S04330",27,"Female"
"S04331",28,"Female"
"S04332",28,"Female"
"S04333",26,"Male"
"S04334",26,"Other"
"S04335",22,"Female"
"S04336",27,"Male"
"S04337",18,"Male"
"S04338",18,"Female"
"S04339",23,"Male"
"S04340",19,"Male"
"S04341",25,"Male"
"S04342",26,"Male"
"S04343",21,"Male"
"S04344",22,"Male"
"S04345",28,"Male"
"S04346",25,"Female"
"S04347",20,"Female"
"S04348",22,"Male"
"S04349",20,"Male"
"S04350",29,"Female"
"S04351",27,"Male"
"S04352",20,"Male"
"S04353",20,"Male"
"S04354",29,"Female"
"S04355",24,"Female"
"S04356",24,"Female"
"S04357",24,"Female"
"S04358",27,"Female"
"S04359",25,"Male"
"S04360",22,"Female"
"S04361",22,"Male"
"S04362",21,"Female"
"S04363",24,"Female"
"S04364",27,"Female"
"S04365",21,"Male"
"S04366",19,"Male"
"S04367",21,"Female"
"S04368",25,"Female"
"S04369",26,"Female"
"S04370",20,"Male"
"S04371",24,"Female"
"S04372",29,"Female"
"S04373",26,"Female"
"S04374",28,"Female"
"S04375",21,"Female"
"S04376",27,"Female"
"S04377",20,"Female"
"S04378",22,"Other"
"S04379",18,"Male"
"S04380",20,"Male"
"S04381",25,"Female"
"S04382",28,"Female"
"S04383",25,"Female"
"S04384",21,"Female"
"S04385",19,"Male"
"S04386",25,"Female"
"S04387",25,"Female"
"S04388",27,"Male"
"S04389",21,"Male"
"S04390",20,"Female"
"S04391",19,"Male"
"S04392",26,"Female"
"S04393",18,"Male"
"S04394",24,"Female"
"S04395",22,"Female"
"S04396",25,"Female"
"S04397",21,"Male"
"S04398",24,"Female"
"S04399",22,"Male"
"S04400",22,"Male"
"S04401",26,"Other"
"S04402",26,"Female"
"S04403",26,"Female"
"S04404",29,"Male"
"S04405",23,"Male"
"S04406",23,"Male"
"S04407",22,"Female"
"S04408",26,"Female"
"S04409",27,"Female"
"S04410",25,"Female"
"S04411",24,"Male"
"S04412",24,"Male"
"S04413",23,"Male"
"S04414",22,"Male"
"S04415",21,"Male"
"S04416",20,"Female"
"S04417",20,"Male"
"S04418",23,"Female"
"S04419",21,"Male"
"S04420",29,"Other"
"S04421",29,"Female"
"S04422",23,"Female"
"S04423",20,"Male"
"S04424",21,"Female"
"S04425",26,"Female"
"S04426",22,"Male"
"S04427",24,"Male"
"S04428",27,"Male"
"S04429",19,"Female"
"S04430",22,"Female"
"S04431",26,"Female"
"S04432",28,"Male"
"S04433",20,"Male"
"S04434",26,"Female"
"S04435",28,"Male"
"S04436",23,"Female"
"S04437",21,"Female"
"S04438",24,"Male"
"S04439",25,"Female"
"S04440",23,"Male"
"S04441",22,"Female"
"S04442",23,"Male"
"S04443",22,"Female"
"S04444",25,"Male"
"S04445",18,"Male"
"S04446",28,"Female"
"S04447",24,"Male"
"S04448",27,"Female"
"S04449",27,"Male"
"S04450",28,"Female"
"S04451",19,"Male"
"S04452",26,"Female"
"S04453",18,"Male"
"S04454",28,"Male"
"S04455",27,"Male"
"S04456",23,"Female"
"S04457",26,"Male"
"S04458",18,"Female"
"S04459",21,"Female"
"S04460",21,"Male"
"S04461",26,"Female"
"S04462",28,"Male"
"S04463",22,"Male"
"S04464",22,"Female"
"S04465",23,"Female"
"S04466",18,"Female"
"S04467",18,"Male"
"S04468",26,"Male"
"S04469",20,"Male"
"S04470",21,"Female"
"S04471",18,"Female"
"S04472",26,"Female"
"S04473",25,"Male"
"S04474",19,"Male"
"S04475",25,"Male"
"S04476",24,"Male"
"S04477",28,"Male"
"S04478",23,"Female"
"S04479",18,"Female"
"S04480",24,"Female"
"S04481",27,"Male"
"S04482",24,"Male"
"S04483",26,"Female"
"S04484",18,"Male"
"S04485",19,"Female"
"S04486",28,"Female"
"S04487",26,"Male"
"S04488",26,"Female"
"S04489",23,"Male"
"S04490",23,"Female"
"S04491",21,"Female"
"S04492",21,"Male"
"S04493",22,"Male"
"S04494",20,"Female"
"S04495",18,"Female"
"S04496",18,"Male"
"S04497",29,"Female"
"S04498",24,"Male"
"S04499",18,"Male"
"S04500",18,"Male"
"S04501",20,"Male"
"S04502",27,"Male"
"S04503",21,"Other"
"S04504",21,"Male"
"S04505",19,"Male"
"S04506",18,"Male"
"S04507",20,"Female"
"S04508",28,"Female"
"S04509",21,"Male"
"S04510",20,"Male"
"S04511",25,"Male"
"S04512",27,"Male"
"S04513",18,"Male"
"S04514",19,"Male"
"S04515",24,"Male"
"S04516",21,"Female"
"S04517",25,"Male"
"S04518",28,"Female"
"S04519",20,"Female"
"S04520",23,"Female"
"S04521",26,"Male"
"S04522",18,"Male"
"S04523",18,"Male"
"S04524",25,"Female"
"S04525",20,"Male"
"S04526",22,"Female"
"S04527",18,"Female"
"S04528",22,"Male"
"S04529",28,"Female"
"S04530",23,"Male"
"S04531",25,"Male"
"S04532",20,"Male"
"S04533",20,"Male"
"S04534",29,"Female"
"S04535",28,"Male"
"S04536",28,"Male"
"S04537",27,"Female"
"S04538",26,"Female"
"S04539",21,"Male"
"S04540",21,"Female"
"S04541",29,"Female"
"S04542",24,"Male"
"S04543",19,"Male"
"S04544",25,"Male"
"S04545",23,"Female"
"S04546",20,"Female"
"S04547",26,"Female"
"S04548",22,"Female"
"S04549",25,"Male"
"S04550",24,"Male"
"S04551",25,"Male"
"S04552",24,"Female"
"S04553",20,"Female"
"S04554",19,"Male"
"S04555",24,"Female"
"S04556",20,"Male"
"S04557",20,"Male"
"S04558",19,"Male"
"S04559",21,"Male"
"S04560",25,"Male"
"S04561",29,"Male"
"S04562",18,"Male"
"S04563",18,"Male"
"S04564",29,"Female"
"S04565",22,"Male"
"S04566",28,"Other"
"S04567",22,"Male"
"S04568",28,"Male"
"S04569",29,"Male"
"S04570",18,"Male"
"S04571",23,"Female"
"S04572",18,"Male"
"S04573",22,"Female"
"S04574",26,"Female"
"S04575",29,"Female"
"S04576",22,"Female"
"S04577",23,"Female"
"S04578",25,"Male"
"S04579",28,"Female"
"S04580",18,"Male"
"S04581",19,"Male"
"S04582",26,"Male"
"S04583",20,"Female"
"S04584",23,"Female"
"S04585",22,"Male"
"S04586",28,"Female"
"S04587",19,"Male"
"S04588",24,"Male"
"S04589",21,"Male"
"S04590",18,"Male"
"S04591",21,"Male"
"S04592",23,"Female"
"S04593",24,"Female"
"S04594",24,"Male"
"S04595",24,"Female"
"S04596",20,"Female"
"S04597",23,"Female"
"S04598",25,"Female"
"S04599",21,"Male"
"S04600",25,"Female"
"S04601",19,"Female"
"S04602",27,"Male"
"S04603",26,"Male"
"S04604",26,"Female"
"S04605",25,"Male"
"S04606",27,"Other"
"S04607",27,"Male"
"S04608",18,"Female"
"S04609",19,"Male"
"S04610",23,"Female"
"S04611",27,"Female"
"S04612",22,"Male"
"S04613",29,"Female"
"S04614",26,"Male"
"S04615",22,"Male"
"S04616",19,"Male"
"S04617",27,"Female"
"S04618",21,"Male"
"S04619",26,"Male"
"S04620",18,"Male"
"S04621",28,"Female"
"S04622",18,"Female"
"S04623",29,"Male"
"S04624",24,"Male"
"S04625",28,"Female"
"S04626",20,"Male"
"S04627",27,"Female"
"S04628",19,"Female"
"S04629",26,"Female"
"S04630",20,"Male"
"S04631",19,"Female"
"S04632",29,"Female"
"S04633",25,"Female"
"S04634",27,"Male"
"S04635",23,"Male"
"S04636",23,"Male"
"S04637",27,"Female"
"S04638",28,"Female"
"S04639",24,"Male"
"S04640",24,"Male"
"S04641",28,"Male"
"S04642",23,"Female"
"S04643",21,"Female"
"S04644",28,"Male"
"S04645",26,"Male"
"S04646",23,"Male"
"S04647",21,"Female"
"S04648",29,"Female"
"S04649",20,"Female"
"S04650",21,"Male"
"S04651",20,"Female"
"S04652",19,"Male"
"S04653",22,"Female"
"S04654",19,"Male"
"S04655",23,"Female"
"S04656",20,"Female"
"S04657",23,"Female"
"S04658",28,"Female"
"S04659",27,"Male"
"S04660",26,"Male"
"S04661",18,"Female"
"S04662",23,"Male"
"S04663",26,"Male"
"S04664",28,"Male"
"S04665",21,"Female"
"S04666",28,"Male"
"S04667",29,"Male"
"S04668",19,"Male"
"S04669",21,"Male"
"S04670",18,"Female"
"S04671",20,"Other"
"S04672",27,"Female"
"S04673",26,"Male"
"S04674",27,"Female"
"S04675",22,"Female"
"S04676",28,"Male"
"S04677",23,"Female"
"S04678",20,"Female"
"S04679",22,"Female"
"S04680",28,"Female"
"S04681",25,"Male"
"S04682",23,"Male"
"S04683",21,"Female"
"S04684",19,"Male"
"S04685",26,"Male"
"S04686",29,"Female"
"S04687",18,"Female"
"S04688",18,"Male"
"S04689",21,"Female"
"S04690",24,"Female"
"S04691",18,"Female"
"S04692",26,"Male"
"S04693",21,"Male"
"S04694",20,"Male"
"S04695",18,"Male"
"S04696",27,"Male"
"S04697",21,"Male"
"S04698",26,"Male"
"S04699",27,"Female"
"S04700",23,"Male"
"S04701",23,"Female"
"S04702",18,"Female"
"S04703",27,"Male"
"S04704",19,"Female"
"S04705",28,"Female"
"S04706",23,"Male"
"S04707",19,"Female"
"S04708",20,"Male"
"S04709",21,"Female"
"S04710",28,"Male"
"S04711",22,"Female"
"S04712",26,"Male"
"S04713",29,"Female"
"S04714",21,"Male"
"S04715",28,"Female"
"S04716",26,"Female"
"S04717",28,"Male"
"S04718",27,"Female"
"S04719",20,"Male"
"S04720",25,"Female"
"S04721",29,"Female"
"S04722",18,"Female"
"S04723",28,"Female"
"S04724",26,"Male"
"S04725",26,"Male"
"S04726",27,"Male"
"S04727",19,"Female"
"S04728",21,"Male"
"S04729",25,"Female"
"S04730",24,"Female"
"S04731",18,"Male"
"S04732",22,"Female"
"S04733",24,"Male"
"S04734",21,"Male"
"S04735",18,"Female"
"S04736",26,"Male"
"S04737",22,"Male"
"S04738",28,"Female"
"S04739",19,"Male"
"S04740",25,"Other"
"S04741",28,"Other"
"S04742",19,"Male"
"S04743",20,"Male"
"S04744",27,"Female"
"S04745",18,"Male"
"S04746",28,"Male"
"S04747",19,"Female"
"S04748",24,"Male"
"S04749",27,"Female"
"S04750",19,"Male"
"S04751",23,"Male"
"S04752",20,"Male"
"S04753",21,"Other"
"S04754",28,"Female"
"S04755",25,"Female"
"S04756",20,"Male"
"S04757",27,"Male"
"S04758",23,"Male"
"S04759",18,"Female"
"S04760",24,"Female"
"S04761",25,"Female"
"S04762",28,"Male"
"S04763",25,"Female"
"S04764",20,"Male"
"S04765",27,"Other"
"S04766",18,"Male"
"S04767",26,"Female"
"S04768",23,"Male"
"S04769",28,"Male"
"S04770",26,"Female"
"S04771",24,"Male"
"S04772",18,"Male"
"S04773",29,"Female"
"S04774",29,"Female"
"S04775",18,"Female"
"S04776",23,"Male"
"S04777",22,"Female"
"S04778",26,"Female"
"S04779",19,"Male"
"S04780",25,"Female"
"S04781",28,"Male"
"S04782",22,"Male"
"S04783",19,"Male"
"S04784",27,"Male"
"S04785",28,"Female"
"S04786",28,"Female"
"S04787",29,"Female"
"S04788",23,"Female"
"S04789",27,"Male"
"S04790",25,"Female"
"S04791",21,"Female"
"S04792",19,"Male"
"S04793",29,"Female"
"S04794",28,"Other"
"S04795",22,"Female"
"S04796",29,"Female"
"S04797",19,"Male"
"S04798",19,"Male"
"S04799",23,"Male"
"S04800",28,"Female"
"S04801",27,"Female"
"S04802",26,"Other"
"S04803",21,"Male"
"S04804",23,"Male"
"S04805",24,"Female"
"S04806",28,"Female"
"S04807",23,"Male"
"S04808",25,"Female"
"S04809",21,"Female"
"S04810",29,"Female"
"S04811",18,"Female"
"S04812",24,"Male"
"S04813",20,"Other"
"S04814",23,"Female"
"S04815",19,"Male"
"S04816",26,"Male"
"S04817",18,"Female"
"S04818",23,"Male"
"S04819",23,"Male"
"S04820",22,"Female"
"S04821",22,"Male"
"S04822",18,"Female"
"S04823",27,"Male"
"S04824",29,"Female"
"S04825",22,"Male"
"S04826",19,"Male"
"S04827",24,"Male"
"S04828",20,"Female"
"S04829",21,"Female"
"S04830",20,"Male"
"S04831",20,"Female"
"S04832",21,"Female"
"S04833",22,"Other"
"S04834",18,"Male"
"S04835",21,"Female"
"S04836",29,"Male"
"S04837",29,"Male"
"S04838",28,"Other"
"S04839",25,"Female"
"S04840",27,"Male"
"S04841",24,"Male"
"S04842",26,"Female"
"S04843",22,"Female"
"S04844",27,"Male"
"S04845",21,"Female"
"S04846",25,"Male"
"S04847",26,"Male"
"S04848",24,"Female"
"S04849",24,"Male"
"S04850",22,"Male"
"S04851",21,"Female"
"S04852",27,"Female"
"S04853",18,"Male"
"S04854",27,"Female"
"S04855",27,"Female"
"S04856",24,"Male"
"S04857",18,"Female"
"S04858",18,"Male"
"S04859",22,"Male"
"S04860",26,"Female"
"S04861",23,"Other"
"S04862",20,"Male"
"S04863",20,"Male"
"S04864",24,"Female"
"S04865",23,"Male"
"S04866",26,"Male"
"S04867",23,"Male"
"S04868",22,"Female"
"S04869",27,"Male"
"S04870",24,"Male"
"S04871",18,"Female"
"S04872",29,"Female"
"S04873",24,"Female"
"S04874",20,"Male"
"S04875",26,"Female"
"S04876",23,"Male"
"S04877",26,"Male"
"S04878",22,"Female"
"S04879",24,"Male"
"S04880",21,"Male"
"S04881",24,"Male"
"S04882",18,"Male"
"S04883",24,"Male"
"S04884",25,"Other"
"S04885",22,"Male"
"S04886",19,"Male"
"S04887",22,"Male"
"S04888",23,"Female"
"S04889",29,"Female"
"S04890",19,"Male"
"S04891",23,"Female"
"S04892",23,"Male"
"S04893",18,"Male"
"S04894",18,"Male"
"S04895",28,"Male"
"S04896",27,"Male"
"S04897",20,"Female"
"S04898",27,"Male"
"S04899",27,"Female"
"S04900",29,"Male"
"S04901",20,"Male"
"S04902",21,"Male"
"S04903",19,"Female"
"S04904",26,"Male"
"S04905",27,"Female"
"S04906",29,"Male"
"S04907",28,"Male"
"S04908",24,"Male"
"S04909",24,"Male"
"S04910",23,"Male"
"S04911",20,"Male"
"S04912",23,"Female"
"S04913",29,"Male"
"S04914",25,"Female"
"S04915",25,"Male"
"S04916",28,"Female"
"S04917",26,"Female"
"S04918",18,"Male"
"S04919",18,"Male"
"S04920",20,"Female"
"S04921",20,"Female"
"S04922",27,"Male"
"S04923",25,"Male"
"S04924",27,"Female"
"S04925",18,"Male"
"S04926",19,"Female"
"S04927",19,"Male"
"S04928",20,"Male"
"S04929",23,"Female"
"S04930",18,"Female"
"S04931",19,"Male"
"S04932",18,"Male"
"S04933",22,"Female"
"S04934",24,"Female"
"S04935",25,"Male"
"S04936",27,"Female"
"S04937",18,"Female"
"S04938",24,"Female"
"S04939",22,"Female"
"S04940",27,"Male"
"S04941",18,"Female"
"S04942",20,"Female"
"S04943",24,"Male"
"S04944",27,"Male"
"S04945",18,"Male"
"S04946",24,"Female"
"S04947",22,"Male"
"S04948",18,"Female"
"S04949",18,"Female"
"S04950",18,"Female"
"S04951",28,"Female"
"S04952",26,"Other"
"S04953",28,"Male"
"S04954",20,"Female"
"S04955",22,"Male"
"S04956",28,"Female"
"S04957",27,"Male"
"S04958",29,"Other"
"S04959",26,"Female"
"S04960",23,"Female"
"S04961",29,"Male"
"S04962",26,"Male"
"S04963",25,"Female"
"S04964",25,"Male"
"S04965",18,"Female"
"S04966",26,"Male"
"S04967",23,"Female"
"S04968",26,"Male"
"S04969",20,"Female"
"S04970",29,"Female"
"S04971",20,"Male"
"S04972",23,"Male"
"S04973",26,"Male"
"S04974",24,"Female"
"S04975",20,"Female"
"S04976",20,"Female"
"S04977",19,"Female"
"S04978",26,"Male"
"S04979",20,"Male"
"S04980",28,"Male"
"S04981",22,"Male"
"S04982",26,"Other"
"S04983",25,"Female"
"S04984",19,"Male"
"S04985",20,"Female"
"S04986",19,"Female"
"S04987",25,"Male"
"S04988",23,"Male"
"S04989",23,"Male"
"S04990",29,"Female"
"S04991",26,"Other"
"S04992",25,"Female"
"S04993",21,"Male"
"S04994",29,"Male"
"S04995",21,"Female"
"S04996",26,"Female"
"S04997",18,"Female"
"S04998",19,"Female"
"S04999",19,"Male"
"S05000",23,"Female"
